url,page_type,status,title,h1,primary_user_intent,keyword_cluster,locality,subject_or_exam,supporting_evidence,unique_content_angle,related_pages,reviewer
/,core,published,Skill+ Tutors Pune – Home & Online Tutors in Hadapsar & East Pune,Home & Online Tutors in Hadapsar & East Pune,Discover verified 1-on-1 home and online tutoring in Hadapsar and within ~10 km in East Pune,home tutors in hadapsar pune | skill plus tutors pune | online and home tuition east pune | neet jee board tutors hadapsar,Pune / All Covered,All Verified Offerings,"Verified operational headquarters at Office 205, Saptrang Akash, Hadapsar, Pune 412308; helpline +91 8459832971; established 2020.","Primary brand gateway with interactive Quick Tutor Matcher, 3-step parent matching protocol, verified ~10 km East Pune locality clusters, and real student outcomes.",/pune/ | /pune/hadapsar/ | /neet/ | /jee/ | /find-tutor/ | /contact-us/,Lead SEO & Curriculum Architect
/pune/,regional_hub,published,East Pune Home & Online Tutoring Directory (10 km Radius) | Skill+ Tutors,East Pune Home & Online Tutoring Directory (~10 km Service Radius),"Check locality-wise home tutor coverage, road distance, and available subjects in East Pune",home tutors east pune | tuition near hadapsar magarpatta wanowrie | pune home tuition service areas,Pune / All Covered,All Verified Offerings,"Haversine straight-line and practical road-transit audit from provisional office point (18.486142, 73.952372) across 45 researched localities.","Transparent regional hub separating verified core home-visit clusters, borderline road-commute pockets, and online-only outer areas.",/ | /pune/hadapsar/ | /pune/magarpatta-city/ | /pune/amanora-park-town/ | /pune/wanowrie/ | /pune/undri/ | /pune/phursungi/,Local Search & Geography Lead
/about-us/,core,published,About Skill+ Tutors Pune | Registered Tutoring Office in Hadapsar,About Skill+ Tutors: Educator-Founded 1-on-1 Mentorship in Pune,"Verify the legitimacy, history, office address, and tutor screening standards of Skill+ Tutors",about skill plus tutors | skill+ tutors hadapsar office | verified home tutors pune,Pune / All Covered,All Verified Offerings,"Preserved live /about-us/ route; founded 2020; Office 205, Saptrang Akash, Hadapsar, Pune 412308.","Institutional transparency, tutor background verification protocol, and truthful operational disclosures.",/ | /contact-us/ | /find-tutor/ | /join-us/,Editorial Compliance Lead
/contact-us/,core,published,"Contact Skill+ Tutors Hadapsar, Pune | Helpline & Office Address",Contact Skill+ Tutors – Hadapsar Administrative Office,"Reach Skill+ Tutors by phone, WhatsApp, office visit, or online enquiry form",skill plus tutors contact number | skill+ tutors hadapsar address | contact home tutors hadapsar,Pune / All Covered,All Verified Offerings,Preserved live /contact-us/ route; verified phone +91 8459832971 and address.,Complete administrative contact details with explicit email domain verification notice and direct enquiry form.,/ | /find-tutor/ | /about-us/ | /pune/hadapsar/,Editorial Compliance Lead
/find-tutor/,core,published,Find a Home or Online Tutor in Hadapsar & East Pune | Skill+ Tutors,Request a Verified Home or Online Tutor in East Pune,Submit student requirements to book a 1-on-1 tutor consultation and demo session,find tutor hadapsar | book home tutor pune | home tutor enquiry form hadapsar,Pune / All Covered,All Verified Offerings,"Preserved live /find-tutor/ route (fixing legacy typo ""Enquiry From"") with server-side validated storage.",Dedicated parent enquiry intake with transparent 3-step matching workflow and privacy consent.,/ | /pune/ | /student-registration/ | /contact-us/,Lead Engineer
/student-registration/,core,published,Student Registration for Home & Online Tuition | Skill+ Tutors Pune,Student Academic Registration – Skill+ Tutors Pune,Register a student for ongoing 1-on-1 home or online tutoring,student registration skill plus tutors | register for home tuition pune,Pune / All Covered,All Verified Offerings,Preserved live /student-registration/ route with server-side validation and consent.,"Structured student onboarding capturing academic board, target examination, and locality preferences.",/find-tutor/ | /pune/ | /contact-us/,Lead Engineer
/join-us/,core,published,Join Skill+ Tutors as Verified Faculty in East Pune | Educator Careers,Join Skill+ Tutors: Educator Empanelment in Hadapsar & East Pune,Apply as a qualified teacher for home and online tutoring assignments in East Pune,tutor jobs hadapsar pune | join skill plus tutors | home tutor vacancy east pune,Pune / All Covered,All Verified Offerings,Preserved live /join-us/ route.,"Transparent faculty qualification, identity verification, and East Pune corridor assignment criteria.",/teacher-registration/ | /about-us/ | /contact-us/,Academic Coordinator
/teacher-registration/,core,published,Teacher Registration & Verification Form | Skill+ Tutors Pune,Teacher Registration & Faculty Verification Intake,Submit teacher application form for verification and assignment matching,teacher registration skill plus tutors | apply as home tutor hadapsar,Pune / All Covered,All Verified Offerings,Preserved live /teacher-registration/ route with server-side persistence.,"Direct faculty registration capturing qualification, teaching experience, and East Pune travel radius.",/join-us/ | /about-us/ | /contact-us/,Academic Coordinator
/terms-and-conditions/,core,published,"Terms, Privacy & Academic Verification Policy | Skill+ Tutors Pune","Terms of Service, Privacy & Parent Advisory","Review legal terms, privacy safeguards, and educational service disclaimers",skill plus tutors terms and conditions | privacy policy skill+ tutors pune,Pune / All Covered,All Verified Offerings,Preserved live /terms-and-conditions/ route updated with privacy and consumer transparency clauses.,"Clear disclosure of facilitation scope, no-guaranteed-rank ethics, and minor student data protection.",/ | /about-us/ | /contact-us/,Legal & Editorial Reviewer
/resources/,core,published,Parent & Student Academic Guides for East Pune | Skill+ Tutors,Parent Advisory & Academic Preparation Guides,Read transparent educational guides on choosing tutors and planning board/competitive exam study,parent tutoring guide pune | how to choose home tutor pune | neet jee board preparation guides,Pune / All Covered,All Verified Offerings,Original editorial hub housing 12 researched parent and student guides.,"Commercial-interest disclosed, practical checklists without fabricated ""Top 10"" rankings.",/resources/how-to-choose-a-chemistry-tutor/ | /resources/home-vs-online-tuition-east-pune/ | /resources/neet-biology-ncert-study-framework/ | /resources/jee-main-physics-problem-solving-guide/ | /resources/class-10-board-exam-preparation-checklist/ | /resources/hsc-vs-cbse-class-11-12-science-transition/,Lead Curriculum Editor
/jee/,programme_hub,published,"IIT-JEE Home & Online Tutors in Hadapsar, Pune (Main & Advanced) | Skill+ Tutors",IIT-JEE (Main & Advanced) 1-on-1 Home & Online Tutoring in Pune,"Find 1-on-1 JEE Physics, Chemistry, and Mathematics tutors in Hadapsar and East Pune",jee tutors in hadapsar | iit jee home tuition pune | jee main advanced personal tutor east pune,Pune / All Covered,JEE,Preserved live /jee/ route (remediated from legacy copy-pasted NEET text); verified alumni outcomes including NIT Jaipur (Sudarshan Bondge) and COEP Pune (Kabir Bhongale).,"Corrected, JEE-specific PCM curriculum architecture covering Mechanics, Electrodynamics, Calculus, Coordinate Geometry, and Physical/Organic Chemistry.",/subjects/physics/ | /subjects/chemistry/ | /subjects/mathematics/ | /pune/hadapsar/jee-tutors/ | /pune/magarpatta-city/jee-tutors/ | /pune/amanora-park-town/jee-tutors/,JEE PCM Academic Lead
/neet/,programme_hub,published,"NEET UG Home & Online Tutors in Hadapsar, Pune (PCB) | Skill+ Tutors",NEET UG 1-on-1 Home & Online Tutoring in Hadapsar & East Pune,"Find 1-on-1 NEET Biology, Chemistry, and Physics tutors in Hadapsar and East Pune",neet tutors in hadapsar | neet home tuition pune | neet biology physics chemistry tutor east pune,Pune / All Covered,NEET,Preserved live /neet/ route; verified student outcomes including GMC Latur (Ojas Barure) and Bharati Vidyapeeth Medical College (Anuradha Dighe).,360-mark NCERT Biology interrogation paired with Physics numerical confidence-building for medical aspirants.,/subjects/biology/ | /subjects/chemistry/ | /subjects/physics/ | /pune/hadapsar/neet-tutors/ | /pune/undri/neet-tutors/ | /pune/wanowrie/neet-tutors/,NEET PCB Academic Lead
/10th-board/,programme_hub,published,"Class 10 Board Home & Online Tutors in Hadapsar, Pune (CBSE, ICSE, SSC) | Skill+ Tutors","Class 10 Board (CBSE, ICSE & SSC) Home & Online Tutors in Pune",Find 1-on-1 Class 10 Mathematics and Science home or online tutors in East Pune,10th board tuition hadapsar | class 10 maths science tutor pune | ssc cbse icse 10th home tutor,Pune / All Covered,10th Board,"Preserved live /10th-board/ route detailing Class 10 Science and Mathematics (Algebra, Coordinate Geometry, Statistics, Trigonometry) for SSC, CBSE, and ICSE.","Board-specific answer presentation, step-marking discipline, and full prelim paper grading for Class 10 students.",/subjects/mathematics/ | /subjects/science/ | /boards/cbse/ | /boards/icse/ | /boards/ssc/ | /pune/hadapsar/,Secondary Board Curriculum Lead
/12th-board/,programme_hub,published,"Class 12 Science Board Tutors in Hadapsar, Pune (HSC, CBSE, ISC) | Skill+ Tutors","Class 12 Science Board (HSC, CBSE & ISC) Home & Online Tutors in Pune","Find Class 11–12 Physics, Chemistry, Mathematics, and Biology board tutors in East Pune",12th board science tutors hadapsar | hsc cbse class 12 home tuition pune | 12th pcm pcb tutor pune,Pune / All Covered,12th Board,"Preserved live /12th-board/ route covering Physics, Chemistry, Mathematics, and Biology for CBSE and HSC Class 12.","Dual-track preparation ensuring students don’t sacrifice Class 12 Board theory/derivation marks while preparing for JEE, NEET, or MHT-CET.",/subjects/physics/ | /subjects/chemistry/ | /subjects/mathematics/ | /subjects/biology/ | /boards/hsc/ | /boards/cbse/,Senior Secondary Science Lead
/subjects/chemistry/,subject_hub,published,Chemistry Tutors in Hadapsar & East Pune (Home & Online) | Skill+ Tutors,1-on-1 Chemistry Home & Online Tutors in Hadapsar & East Pune,Find qualified Chemistry home or online tutors in East Pune and understand the teaching methodology,chemistry tutors in hadapsar | chemistry home tuition east pune | chemistry teacher pune,Pune / All Covered,Chemistry,"Confirmed Chemistry offering on Skill+ Tutors curriculum across CBSE, ICSE/ISC, Maharashtra HSC, IB, IGCSE, NEET, JEE.","Deep-dive into Chemistry syllabus coverage, teaching approach, and locality availability across East Pune.",/pune/hadapsar/chemistry-tutors/ | /pune/magarpatta-city/chemistry-tutors/ | /pune/amanora-park-town/chemistry-tutors/ | /pune/wanowrie/chemistry-tutors/ | /pune/undri/chemistry-tutors/ | /find-tutor/,Chemistry Curriculum Specialist
/subjects/physics/,subject_hub,published,Physics Tutors in Hadapsar & East Pune (Home & Online) | Skill+ Tutors,1-on-1 Physics Home & Online Tutors in Hadapsar & East Pune,Find qualified Physics home or online tutors in East Pune and understand the teaching methodology,physics tutors in hadapsar | physics home tuition east pune | physics teacher pune,Pune / All Covered,Physics,"Confirmed Physics offering on Skill+ Tutors curriculum across CBSE, ICSE/ISC, Maharashtra HSC, IB, IGCSE, JEE, NEET.","Deep-dive into Physics syllabus coverage, teaching approach, and locality availability across East Pune.",/pune/hadapsar/physics-tutors/ | /pune/magarpatta-city/physics-tutors/ | /pune/amanora-park-town/physics-tutors/ | /pune/wanowrie/physics-tutors/ | /pune/undri/physics-tutors/ | /find-tutor/,Physics Curriculum Specialist
/subjects/mathematics/,subject_hub,published,Mathematics Tutors in Hadapsar & East Pune (Home & Online) | Skill+ Tutors,1-on-1 Mathematics Home & Online Tutors in Hadapsar & East Pune,Find qualified Mathematics home or online tutors in East Pune and understand the teaching methodology,mathematics tutors in hadapsar | mathematics home tuition east pune | mathematics teacher pune,Pune / All Covered,Mathematics,"Confirmed Mathematics offering on Skill+ Tutors curriculum across CBSE, ICSE/ISC, Maharashtra SSC & HSC, IB, IGCSE, JEE.","Deep-dive into Mathematics syllabus coverage, teaching approach, and locality availability across East Pune.",/pune/hadapsar/maths-tutors/ | /pune/magarpatta-city/maths-tutors/ | /pune/amanora-park-town/maths-tutors/ | /pune/wanowrie/maths-tutors/ | /pune/undri/maths-tutors/ | /find-tutor/,Mathematics Curriculum Specialist
/subjects/biology/,subject_hub,published,Biology Tutors in Hadapsar & East Pune (Home & Online) | Skill+ Tutors,1-on-1 Biology Home & Online Tutors in Hadapsar & East Pune,Find qualified Biology home or online tutors in East Pune and understand the teaching methodology,biology tutors in hadapsar | biology home tuition east pune | biology teacher pune,Pune / All Covered,Biology,"Confirmed Biology offering on Skill+ Tutors curriculum across CBSE, ICSE/ISC, Maharashtra HSC, NEET.","Deep-dive into Biology syllabus coverage, teaching approach, and locality availability across East Pune.",/pune/hadapsar/biology-tutors/ | /pune/magarpatta-city/biology-tutors/ | /pune/amanora-park-town/biology-tutors/ | /pune/wanowrie/biology-tutors/ | /pune/undri/biology-tutors/ | /find-tutor/,Biology Curriculum Specialist
/subjects/science/,subject_hub,published,Class 8–10 Science Tutors in Hadapsar & East Pune (Home & Online) | Skill+ Tutors,1-on-1 Class 8–10 Science Home & Online Tutors in Hadapsar & East Pune,Find qualified Class 8–10 Science home or online tutors in East Pune and understand the teaching methodology,science tutors in hadapsar | science home tuition east pune | science teacher pune,Pune / All Covered,Class 8–10 Science,"Confirmed Class 8–10 Science offering on Skill+ Tutors curriculum across CBSE, ICSE, Maharashtra SSC.","Deep-dive into Class 8–10 Science syllabus coverage, teaching approach, and locality availability across East Pune.",/pune/hadapsar/science-tutors/ | /pune/magarpatta-city/science-tutors/ | /pune/amanora-park-town/science-tutors/ | /pune/wanowrie/science-tutors/ | /pune/undri/science-tutors/ | /find-tutor/,Class 8–10 Science Curriculum Specialist
/boards/cbse/,board_hub,published,"CBSE Board (Class 8–12) Home & Online Tutors in Hadapsar, Pune | Skill+ Tutors",CBSE Board (Class 8–12) 1-on-1 Home & Online Tutors in East Pune,Find board-aligned CBSE home and online tutors in Hadapsar and East Pune,cbse home tutors hadapsar | cbse tuition east pune | cbse tutors pune,Pune / All Covered,CBSE,Verified CBSE board offering on Skill+ Tutors live curriculum.,"Board-specific marking scheme alignment, textbook coverage, and East Pune locality matching for CBSE Board (Class 8–12).",/pune/ | /10th-board/ | /12th-board/ | /find-tutor/,Board Curriculum Coordinator
/boards/icse/,board_hub,published,"ICSE & ISC Board (Class 8–12) Home & Online Tutors in Hadapsar, Pune | Skill+ Tutors",ICSE & ISC Board (Class 8–12) 1-on-1 Home & Online Tutors in East Pune,Find board-aligned ICSE home and online tutors in Hadapsar and East Pune,icse home tutors hadapsar | icse tuition east pune | icse tutors pune,Pune / All Covered,ICSE,Verified ICSE board offering on Skill+ Tutors live curriculum.,"Board-specific marking scheme alignment, textbook coverage, and East Pune locality matching for ICSE & ISC Board (Class 8–12).",/pune/ | /10th-board/ | /12th-board/ | /find-tutor/,Board Curriculum Coordinator
/boards/ssc/,board_hub,published,"Maharashtra SSC & Class 10 Board Home & Online Tutors in Hadapsar, Pune | Skill+ Tutors",Maharashtra SSC & Class 10 Board 1-on-1 Home & Online Tutors in East Pune,Find board-aligned 10th Board / SSC home and online tutors in Hadapsar and East Pune,ssc home tutors hadapsar | ssc tuition east pune | 10th board / ssc tutors pune,Pune / All Covered,10th Board / SSC,Verified 10th Board / SSC board offering on Skill+ Tutors live curriculum.,"Board-specific marking scheme alignment, textbook coverage, and East Pune locality matching for Maharashtra SSC & Class 10 Board.",/pune/ | /10th-board/ | /12th-board/ | /find-tutor/,Board Curriculum Coordinator
/boards/hsc/,board_hub,published,"Maharashtra HSC & Class 12 Science Board Home & Online Tutors in Hadapsar, Pune | Skill+ Tutors",Maharashtra HSC & Class 12 Science Board 1-on-1 Home & Online Tutors in East Pune,Find board-aligned 12th Board / HSC home and online tutors in Hadapsar and East Pune,hsc home tutors hadapsar | hsc tuition east pune | 12th board / hsc tutors pune,Pune / All Covered,12th Board / HSC,Verified 12th Board / HSC board offering on Skill+ Tutors live curriculum.,"Board-specific marking scheme alignment, textbook coverage, and East Pune locality matching for Maharashtra HSC & Class 12 Science Board.",/pune/ | /10th-board/ | /12th-board/ | /find-tutor/,Board Curriculum Coordinator
/boards/ib/,board_hub,published,"IB (MYP & Diploma Programme) Home & Online Tutors in Hadapsar, Pune | Skill+ Tutors",IB (MYP & Diploma Programme) 1-on-1 Home & Online Tutors in East Pune,Find board-aligned IB home and online tutors in Hadapsar and East Pune,ib home tutors hadapsar | ib tuition east pune | ib tutors pune,Pune / All Covered,IB,Verified IB board offering on Skill+ Tutors live curriculum.,"Board-specific marking scheme alignment, textbook coverage, and East Pune locality matching for IB (MYP & Diploma Programme).",/pune/ | /10th-board/ | /12th-board/ | /find-tutor/,Board Curriculum Coordinator
/boards/igcse/,board_hub,published,"Cambridge IGCSE & A-Level Home & Online Tutors in Hadapsar, Pune | Skill+ Tutors",Cambridge IGCSE & A-Level 1-on-1 Home & Online Tutors in East Pune,Find board-aligned IGCSE home and online tutors in Hadapsar and East Pune,igcse home tutors hadapsar | igcse tuition east pune | igcse tutors pune,Pune / All Covered,IGCSE,Verified IGCSE board offering on Skill+ Tutors live curriculum.,"Board-specific marking scheme alignment, textbook coverage, and East Pune locality matching for Cambridge IGCSE & A-Level.",/pune/ | /10th-board/ | /12th-board/ | /find-tutor/,Board Curriculum Coordinator
/pune/hadapsar/,locality_hub,published,"Home & Online Tutors in Hadapsar, Pune (NEET, JEE & Boards) | Skill+ Tutors","Home & Online Tutors in Hadapsar, Pune","Find verified 1-on-1 home or online tutors serving Hadapsar, Pune and check road transit availability from Hadapsar",home tutors in hadapsar pune | tuition in hadapsar | private tutor hadapsar pune | home tutors in hadapsar pune | home tutors in hadapsar central,Hadapsar,All Verified Offerings,Haversine distance: 3.77 km; Road distance: 4.6 km (12–18 mins via Sasane Nagar Rd or NH-65) from Saptrang Akash HQ. Checked 2026-10-08.,"Locality-specific road commute assessment (4.6 km), society/school context, and verified subject availability for Hadapsar.",/pune/ | / | /find-tutor/ | /pune/hadapsar/physics-tutors/ | /pune/hadapsar/chemistry-tutors/ | /pune/hadapsar/maths-tutors/ | /pune/hadapsar/biology-tutors/ | /pune/hadapsar/science-tutors/,East Pune Operations & SEO Lead
/pune/hadapsar-gadital/,locality_hub,published,"Home & Online Tutors in Hadapsar Gadital, Pune (NEET, JEE & Boards) | Skill+ Tutors","Home & Online Tutors in Hadapsar Gadital, Pune","Find verified 1-on-1 home or online tutors serving Hadapsar Gadital, Pune and check road transit availability from Hadapsar",home tutors in hadapsar gadital pune | tuition in hadapsar gadital | private tutor hadapsar gadital pune | home tutors in gadital | home tutors in gadital hadapsar,Hadapsar Gadital,All Verified Offerings,Haversine distance: 2 km; Road distance: 2.5 km (8–12 mins via Pune-Solapur Highway) from Saptrang Akash HQ. Checked 2026-10-08.,"Locality-specific road commute assessment (2.5 km), society/school context, and verified subject availability for Hadapsar Gadital.",/pune/ | / | /find-tutor/ | /pune/hadapsar-gadital/physics-tutors/ | /pune/hadapsar-gadital/chemistry-tutors/ | /pune/hadapsar-gadital/maths-tutors/ | /pune/hadapsar-gadital/biology-tutors/ | /pune/hadapsar-gadital/science-tutors/,East Pune Operations & SEO Lead
/pune/sasane-nagar/,locality_hub,published,"Home & Online Tutors in Sasane Nagar, Pune (NEET, JEE & Boards) | Skill+ Tutors","Home & Online Tutors in Sasane Nagar, Pune","Find verified 1-on-1 home or online tutors serving Sasane Nagar, Pune and check road transit availability from Hadapsar",home tutors in sasane nagar pune | tuition in sasane nagar | private tutor sasane nagar pune | home tutors in sasane nagar hadapsar,Sasane Nagar,All Verified Offerings,Haversine distance: 1.94 km; Road distance: 2.4 km (8–14 mins via Kalepadal-Sasane Nagar Link) from Saptrang Akash HQ. Checked 2026-10-08.,"Locality-specific road commute assessment (2.4 km), society/school context, and verified subject availability for Sasane Nagar.",/pune/ | / | /find-tutor/ | /pune/sasane-nagar/physics-tutors/ | /pune/sasane-nagar/chemistry-tutors/ | /pune/sasane-nagar/maths-tutors/ | /pune/sasane-nagar/biology-tutors/ | /pune/sasane-nagar/science-tutors/,East Pune Operations & SEO Lead
/pune/malwadi/,locality_hub,published,"Home & Online Tutors in Malwadi, Pune (NEET, JEE & Boards) | Skill+ Tutors","Home & Online Tutors in Malwadi, Pune","Find verified 1-on-1 home or online tutors serving Malwadi, Pune and check road transit availability from Hadapsar",home tutors in malwadi pune | tuition in malwadi | private tutor malwadi pune | home tutors in malwadi hadapsar | home tutors in dp road hadapsar,Malwadi,All Verified Offerings,Haversine distance: 2.8 km; Road distance: 3.5 km (10–15 mins via Gadital and Malwadi DP Road) from Saptrang Akash HQ. Checked 2026-10-08.,"Locality-specific road commute assessment (3.5 km), society/school context, and verified subject availability for Malwadi.",/pune/ | / | /find-tutor/ | /pune/malwadi/physics-tutors/ | /pune/malwadi/chemistry-tutors/ | /pune/malwadi/maths-tutors/ | /pune/malwadi/biology-tutors/ | /pune/malwadi/science-tutors/,East Pune Operations & SEO Lead
/pune/satavwadi/,locality_hub,published,"Home & Online Tutors in Satavwadi, Pune (NEET, JEE & Boards) | Skill+ Tutors","Home & Online Tutors in Satavwadi, Pune","Find verified 1-on-1 home or online tutors serving Satavwadi, Pune and check road transit availability from Hadapsar",home tutors in satavwadi pune | tuition in satavwadi | private tutor satavwadi pune | home tutors in satavwadi hadapsar,Satavwadi,All Verified Offerings,Haversine distance: 1.6 km; Road distance: 2.1 km (6–10 mins via NH-65 Service Road) from Saptrang Akash HQ. Checked 2026-10-08.,"Locality-specific road commute assessment (2.1 km), society/school context, and verified subject availability for Satavwadi.",/pune/ | / | /find-tutor/ | /pune/satavwadi/physics-tutors/ | /pune/satavwadi/chemistry-tutors/ | /pune/satavwadi/maths-tutors/ | /pune/satavwadi/biology-tutors/ | /pune/satavwadi/science-tutors/,East Pune Operations & SEO Lead
/pune/gondhale-nagar/,locality_hub,published,"Home & Online Tutors in Gondhale Nagar, Pune (NEET, JEE & Boards) | Skill+ Tutors","Home & Online Tutors in Gondhale Nagar, Pune","Find verified 1-on-1 home or online tutors serving Gondhale Nagar, Pune and check road transit availability from Hadapsar",home tutors in gondhale nagar pune | tuition in gondhale nagar | private tutor gondhale nagar pune | home tutors in gondhalenagar | home tutors in gondhale nagar hadapsar,Gondhale Nagar,All Verified Offerings,Haversine distance: 2.04 km; Road distance: 2.8 km (9–14 mins via Satavwadi / Gadital) from Saptrang Akash HQ. Checked 2026-10-08.,"Locality-specific road commute assessment (2.8 km), society/school context, and verified subject availability for Gondhale Nagar.",/pune/ | / | /find-tutor/ | /pune/gondhale-nagar/physics-tutors/ | /pune/gondhale-nagar/chemistry-tutors/ | /pune/gondhale-nagar/maths-tutors/ | /pune/gondhale-nagar/biology-tutors/ | /pune/gondhale-nagar/science-tutors/,East Pune Operations & SEO Lead
/pune/kalepadal/,locality_hub,published,"Home & Online Tutors in Kalepadal, Pune (NEET, JEE & Boards) | Skill+ Tutors","Home & Online Tutors in Kalepadal, Pune","Find verified 1-on-1 home or online tutors serving Kalepadal, Pune and check road transit availability from Hadapsar",home tutors in kalepadal pune | tuition in kalepadal | private tutor kalepadal pune | home tutors in kale padal | home tutors in kaleborate nagar,Kalepadal,All Verified Offerings,Haversine distance: 1.4 km; Road distance: 1.9 km (6–10 mins via Kalepadal Road) from Saptrang Akash HQ. Checked 2026-10-08.,"Locality-specific road commute assessment (1.9 km), society/school context, and verified subject availability for Kalepadal.",/pune/ | / | /find-tutor/ | /pune/kalepadal/physics-tutors/ | /pune/kalepadal/chemistry-tutors/ | /pune/kalepadal/maths-tutors/ | /pune/kalepadal/biology-tutors/ | /pune/kalepadal/science-tutors/,East Pune Operations & SEO Lead
/pune/satar-nagar/,locality_hub,published,"Home & Online Tutors in Satar Nagar, Pune (NEET, JEE & Boards) | Skill+ Tutors","Home & Online Tutors in Satar Nagar, Pune","Find verified 1-on-1 home or online tutors serving Satar Nagar, Pune and check road transit availability from Hadapsar",home tutors in satar nagar pune | tuition in satar nagar | private tutor satar nagar pune | home tutors in satarnagar hadapsar,Satar Nagar,All Verified Offerings,Haversine distance: 2.57 km; Road distance: 3.3 km (10–15 mins via Sasane Nagar / Solapur Rd) from Saptrang Akash HQ. Checked 2026-10-08.,"Locality-specific road commute assessment (3.3 km), society/school context, and verified subject availability for Satar Nagar.",/pune/ | / | /find-tutor/,East Pune Operations & SEO Lead
/pune/ramtekdi/,locality_hub,published,"Home & Online Tutors in Ramtekdi, Pune (NEET, JEE & Boards) | Skill+ Tutors","Home & Online Tutors in Ramtekdi, Pune","Find verified 1-on-1 home or online tutors serving Ramtekdi, Pune and check road transit availability from Hadapsar",home tutors in ramtekdi pune | tuition in ramtekdi | private tutor ramtekdi pune | home tutors in ramtekdi hadapsar,Ramtekdi,All Verified Offerings,Haversine distance: 4.14 km; Road distance: 5.2 km (14–20 mins along Pune-Solapur Highway) from Saptrang Akash HQ. Checked 2026-10-08.,"Locality-specific road commute assessment (5.2 km), society/school context, and verified subject availability for Ramtekdi.",/pune/ | / | /find-tutor/,East Pune Operations & SEO Lead
/pune/magarpatta-city/,locality_hub,published,"Home & Online Tutors in Magarpatta City, Pune (NEET, JEE & Boards) | Skill+ Tutors","Home & Online Tutors in Magarpatta City, Pune","Find verified 1-on-1 home or online tutors serving Magarpatta City, Pune and check road transit availability from Hadapsar",home tutors in magarpatta city pune | tuition in magarpatta city | private tutor magarpatta city pune | home tutors in magarpatta | home tutors in magarpatta township,Magarpatta City,All Verified Offerings,Haversine distance: 4.23 km; Road distance: 5.5 km (15–22 mins via Hadapsar Flyover / South Gate) from Saptrang Akash HQ. Checked 2026-10-08.,"Locality-specific road commute assessment (5.5 km), society/school context, and verified subject availability for Magarpatta City.",/pune/ | / | /find-tutor/ | /pune/magarpatta-city/physics-tutors/ | /pune/magarpatta-city/chemistry-tutors/ | /pune/magarpatta-city/maths-tutors/ | /pune/magarpatta-city/biology-tutors/ | /pune/magarpatta-city/science-tutors/,East Pune Operations & SEO Lead
/pune/amanora-park-town/,locality_hub,published,"Home & Online Tutors in Amanora Park Town, Pune (NEET, JEE & Boards) | Skill+ Tutors","Home & Online Tutors in Amanora Park Town, Pune","Find verified 1-on-1 home or online tutors serving Amanora Park Town, Pune and check road transit availability from Hadapsar",home tutors in amanora park town pune | tuition in amanora park town | private tutor amanora park town pune | home tutors in amanora | home tutors in amanora township,Amanora Park Town,All Verified Offerings,Haversine distance: 3.86 km; Road distance: 5.2 km (14–20 mins via Malwadi DP Road / Sade Satra Nali) from Saptrang Akash HQ. Checked 2026-10-08.,"Locality-specific road commute assessment (5.2 km), society/school context, and verified subject availability for Amanora Park Town.",/pune/ | / | /find-tutor/ | /pune/amanora-park-town/physics-tutors/ | /pune/amanora-park-town/chemistry-tutors/ | /pune/amanora-park-town/maths-tutors/ | /pune/amanora-park-town/biology-tutors/ | /pune/amanora-park-town/science-tutors/,East Pune Operations & SEO Lead
/pune/sade-satra-nali/,locality_hub,published,"Home & Online Tutors in Sade Satra Nali, Pune (NEET, JEE & Boards) | Skill+ Tutors","Home & Online Tutors in Sade Satra Nali, Pune","Find verified 1-on-1 home or online tutors serving Sade Satra Nali, Pune and check road transit availability from Hadapsar",home tutors in sade satra nali pune | tuition in sade satra nali | private tutor sade satra nali pune | home tutors in sadesatranali | home tutors in sade satra nali hadapsar,Sade Satra Nali,All Verified Offerings,Haversine distance: 2.93 km; Road distance: 3.9 km (11–16 mins via Malwadi / Amanora Link Road) from Saptrang Akash HQ. Checked 2026-10-08.,"Locality-specific road commute assessment (3.9 km), society/school context, and verified subject availability for Sade Satra Nali.",/pune/ | / | /find-tutor/ | /pune/sade-satra-nali/physics-tutors/ | /pune/sade-satra-nali/chemistry-tutors/ | /pune/sade-satra-nali/maths-tutors/ | /pune/sade-satra-nali/biology-tutors/ | /pune/sade-satra-nali/science-tutors/,East Pune Operations & SEO Lead
/pune/mundhwa/,locality_hub,published,"Home & Online Tutors in Mundhwa, Pune (NEET, JEE & Boards) | Skill+ Tutors","Home & Online Tutors in Mundhwa, Pune","Find verified 1-on-1 home or online tutors serving Mundhwa, Pune and check road transit availability from Hadapsar",home tutors in mundhwa pune | tuition in mundhwa | private tutor mundhwa pune | home tutors in mundhwa pune | home tutors in kodre nagar mundhwa,Mundhwa,All Verified Offerings,Haversine distance: 5.6 km; Road distance: 7.4 km (20–28 mins via Magarpatta-Mundhwa Road) from Saptrang Akash HQ. Checked 2026-10-08.,"Locality-specific road commute assessment (7.4 km), society/school context, and verified subject availability for Mundhwa.",/pune/ | / | /find-tutor/ | /pune/mundhwa/physics-tutors/ | /pune/mundhwa/chemistry-tutors/ | /pune/mundhwa/maths-tutors/ | /pune/mundhwa/biology-tutors/ | /pune/mundhwa/science-tutors/,East Pune Operations & SEO Lead
/pune/keshav-nagar/,locality_hub,published,"Home & Online Tutors in Keshav Nagar, Pune (NEET, JEE & Boards) | Skill+ Tutors","Home & Online Tutors in Keshav Nagar, Pune","Find verified 1-on-1 home or online tutors serving Keshav Nagar, Pune and check road transit availability from Hadapsar",home tutors in keshav nagar pune | tuition in keshav nagar | private tutor keshav nagar pune | home tutors in keshavnagar mundhwa,Keshav Nagar,All Verified Offerings,Haversine distance: 5.62 km; Road distance: 7.8 km (22–30 mins via Amanora / Manjari-Mundhwa Link) from Saptrang Akash HQ. Checked 2026-10-08.,"Locality-specific road commute assessment (7.8 km), society/school context, and verified subject availability for Keshav Nagar.",/pune/ | / | /find-tutor/ | /pune/keshav-nagar/physics-tutors/ | /pune/keshav-nagar/chemistry-tutors/ | /pune/keshav-nagar/maths-tutors/ | /pune/keshav-nagar/biology-tutors/ | /pune/keshav-nagar/science-tutors/,East Pune Operations & SEO Lead
/pune/kharadi/,locality_hub,published,"Home & Online Tutors in Kharadi, Pune (NEET, JEE & Boards) | Skill+ Tutors","Home & Online Tutors in Kharadi, Pune","Find verified 1-on-1 home or online tutors serving Kharadi, Pune and check road transit availability from Hadapsar",home tutors in kharadi pune | tuition in kharadi | private tutor kharadi pune | home tutors in south kharadi | home tutors in kharadi bypass | home tutors in eon kharadi fringe,Kharadi,All Verified Offerings,Haversine distance: 7.35 km; Road distance: 9.8 km (28–40 mins across Mundhwa River Bridge) from Saptrang Akash HQ. Checked 2026-10-08.,"Locality-specific road commute assessment (9.8 km), society/school context, and verified subject availability for Kharadi.",/pune/ | / | /find-tutor/,East Pune Operations & SEO Lead
/pune/wanowrie/,locality_hub,published,"Home & Online Tutors in Wanowrie, Pune (NEET, JEE & Boards) | Skill+ Tutors","Home & Online Tutors in Wanowrie, Pune","Find verified 1-on-1 home or online tutors serving Wanowrie, Pune and check road transit availability from Hadapsar",home tutors in wanowrie pune | tuition in wanowrie | private tutor wanowrie pune | home tutors in wanwadi | home tutors in wanowrie pune,Wanowrie,All Verified Offerings,Haversine distance: 5.47 km; Road distance: 6.8 km (18–25 mins via Fatima Nagar / Solapur Highway) from Saptrang Akash HQ. Checked 2026-10-08.,"Locality-specific road commute assessment (6.8 km), society/school context, and verified subject availability for Wanowrie.",/pune/ | / | /find-tutor/ | /pune/wanowrie/physics-tutors/ | /pune/wanowrie/chemistry-tutors/ | /pune/wanowrie/maths-tutors/ | /pune/wanowrie/biology-tutors/ | /pune/wanowrie/science-tutors/,East Pune Operations & SEO Lead
/pune/fatima-nagar/,locality_hub,published,"Home & Online Tutors in Fatima Nagar, Pune (NEET, JEE & Boards) | Skill+ Tutors","Home & Online Tutors in Fatima Nagar, Pune","Find verified 1-on-1 home or online tutors serving Fatima Nagar, Pune and check road transit availability from Hadapsar",home tutors in fatima nagar pune | tuition in fatima nagar | private tutor fatima nagar pune | home tutors in fatimanagar | home tutors in fatima nagar wanowrie,Fatima Nagar,All Verified Offerings,Haversine distance: 5.35 km; Road distance: 6.5 km (16–22 mins direct on Pune-Solapur Road) from Saptrang Akash HQ. Checked 2026-10-08.,"Locality-specific road commute assessment (6.5 km), society/school context, and verified subject availability for Fatima Nagar.",/pune/ | / | /find-tutor/ | /pune/fatima-nagar/physics-tutors/ | /pune/fatima-nagar/chemistry-tutors/ | /pune/fatima-nagar/maths-tutors/ | /pune/fatima-nagar/biology-tutors/ | /pune/fatima-nagar/science-tutors/,East Pune Operations & SEO Lead
/pune/nibm-road/,locality_hub,published,"Home & Online Tutors in NIBM Road, Pune (NEET, JEE & Boards) | Skill+ Tutors","Home & Online Tutors in NIBM Road, Pune","Find verified 1-on-1 home or online tutors serving NIBM Road, Pune and check road transit availability from Hadapsar",home tutors in nibm road pune | tuition in nibm road | private tutor nibm road pune | home tutors in nibm | home tutors in nibm annexe,NIBM Road,All Verified Offerings,Haversine distance: 5.68 km; Road distance: 7.3 km (20–26 mins via Mohammadwadi / Kalepadal Link) from Saptrang Akash HQ. Checked 2026-10-08.,"Locality-specific road commute assessment (7.3 km), society/school context, and verified subject availability for NIBM Road.",/pune/ | / | /find-tutor/ | /pune/nibm-road/physics-tutors/ | /pune/nibm-road/chemistry-tutors/ | /pune/nibm-road/maths-tutors/ | /pune/nibm-road/biology-tutors/ | /pune/nibm-road/science-tutors/,East Pune Operations & SEO Lead
/pune/salunke-vihar/,locality_hub,published,"Home & Online Tutors in Salunke Vihar, Pune (NEET, JEE & Boards) | Skill+ Tutors","Home & Online Tutors in Salunke Vihar, Pune","Find verified 1-on-1 home or online tutors serving Salunke Vihar, Pune and check road transit availability from Hadapsar",home tutors in salunke vihar pune | tuition in salunke vihar | private tutor salunke vihar pune | home tutors in salunke vihar road,Salunke Vihar,All Verified Offerings,Haversine distance: 5.2 km; Road distance: 6.7 km (18–24 mins via Wanowrie or Mohammadwadi) from Saptrang Akash HQ. Checked 2026-10-08.,"Locality-specific road commute assessment (6.7 km), society/school context, and verified subject availability for Salunke Vihar.",/pune/ | / | /find-tutor/ | /pune/salunke-vihar/physics-tutors/ | /pune/salunke-vihar/chemistry-tutors/ | /pune/salunke-vihar/maths-tutors/ | /pune/salunke-vihar/biology-tutors/ | /pune/salunke-vihar/science-tutors/,East Pune Operations & SEO Lead
/pune/handewadi/,locality_hub,published,"Home & Online Tutors in Handewadi, Pune (NEET, JEE & Boards) | Skill+ Tutors","Home & Online Tutors in Handewadi, Pune","Find verified 1-on-1 home or online tutors serving Handewadi, Pune and check road transit availability from Hadapsar",home tutors in handewadi pune | tuition in handewadi | private tutor handewadi pune | home tutors in autadwadi handewadi | home tutors in handewadi road,Handewadi,All Verified Offerings,Haversine distance: 3.1 km; Road distance: 4.1 km (10–15 mins via Saswad-Handewadi Link Road) from Saptrang Akash HQ. Checked 2026-10-08.,"Locality-specific road commute assessment (4.1 km), society/school context, and verified subject availability for Handewadi.",/pune/ | / | /find-tutor/ | /pune/handewadi/physics-tutors/ | /pune/handewadi/chemistry-tutors/ | /pune/handewadi/maths-tutors/ | /pune/handewadi/biology-tutors/ | /pune/handewadi/science-tutors/,East Pune Operations & SEO Lead
/pune/satav-nagar/,locality_hub,published,"Home & Online Tutors in Satav Nagar, Pune (NEET, JEE & Boards) | Skill+ Tutors","Home & Online Tutors in Satav Nagar, Pune","Find verified 1-on-1 home or online tutors serving Satav Nagar, Pune and check road transit availability from Hadapsar",home tutors in satav nagar pune | tuition in satav nagar | private tutor satav nagar pune | home tutors in satavnagar handewadi road,Satav Nagar,All Verified Offerings,Haversine distance: 2.3 km; Road distance: 3.1 km (8–12 mins via Kalepadal / Handewadi Road) from Saptrang Akash HQ. Checked 2026-10-08.,"Locality-specific road commute assessment (3.1 km), society/school context, and verified subject availability for Satav Nagar.",/pune/ | / | /find-tutor/,East Pune Operations & SEO Lead
/pune/mohammadwadi/,locality_hub,published,"Home & Online Tutors in Mohammadwadi, Pune (NEET, JEE & Boards) | Skill+ Tutors","Home & Online Tutors in Mohammadwadi, Pune","Find verified 1-on-1 home or online tutors serving Mohammadwadi, Pune and check road transit availability from Hadapsar",home tutors in mohammadwadi pune | tuition in mohammadwadi | private tutor mohammadwadi pune | home tutors in mohammed wadi | home tutors in mohammad wadi,Mohammadwadi,All Verified Offerings,Haversine distance: 3.9 km; Road distance: 5.1 km (14–20 mins via Kalepadal-Mohammadwadi Road) from Saptrang Akash HQ. Checked 2026-10-08.,"Locality-specific road commute assessment (5.1 km), society/school context, and verified subject availability for Mohammadwadi.",/pune/ | / | /find-tutor/ | /pune/mohammadwadi/physics-tutors/ | /pune/mohammadwadi/chemistry-tutors/ | /pune/mohammadwadi/maths-tutors/ | /pune/mohammadwadi/biology-tutors/ | /pune/mohammadwadi/science-tutors/,East Pune Operations & SEO Lead
/pune/undri/,locality_hub,published,"Home & Online Tutors in Undri, Pune (NEET, JEE & Boards) | Skill+ Tutors","Home & Online Tutors in Undri, Pune","Find verified 1-on-1 home or online tutors serving Undri, Pune and check road transit availability from Hadapsar",home tutors in undri pune | tuition in undri | private tutor undri pune | home tutors in undri pune | home tutors in undri chowk,Undri,All Verified Offerings,Haversine distance: 4.86 km; Road distance: 6.4 km (16–22 mins via Handewadi Road) from Saptrang Akash HQ. Checked 2026-10-08.,"Locality-specific road commute assessment (6.4 km), society/school context, and verified subject availability for Undri.",/pune/ | / | /find-tutor/ | /pune/undri/physics-tutors/ | /pune/undri/chemistry-tutors/ | /pune/undri/maths-tutors/ | /pune/undri/biology-tutors/ | /pune/undri/science-tutors/,East Pune Operations & SEO Lead
/pune/pisoli/,locality_hub,published,"Home & Online Tutors in Pisoli, Pune (NEET, JEE & Boards) | Skill+ Tutors","Home & Online Tutors in Pisoli, Pune","Find verified 1-on-1 home or online tutors serving Pisoli, Pune and check road transit availability from Hadapsar",home tutors in pisoli pune | tuition in pisoli | private tutor pisoli pune | home tutors in pisoli road | home tutors in pisoli undri,Pisoli,All Verified Offerings,Haversine distance: 6.22 km; Road distance: 8.1 km (22–28 mins via Undri Chowk) from Saptrang Akash HQ. Checked 2026-10-08.,"Locality-specific road commute assessment (8.1 km), society/school context, and verified subject availability for Pisoli.",/pune/ | / | /find-tutor/,East Pune Operations & SEO Lead
/pune/kondhwa/,locality_hub,published,"Home & Online Tutors in Kondhwa, Pune (NEET, JEE & Boards) | Skill+ Tutors","Home & Online Tutors in Kondhwa, Pune","Find verified 1-on-1 home or online tutors serving Kondhwa, Pune and check road transit availability from Hadapsar",home tutors in kondhwa pune | tuition in kondhwa | private tutor kondhwa pune | home tutors in kondhwa khurd | home tutors in kondhwa budruk | home tutors in kondhwa main road,Kondhwa,All Verified Offerings,Haversine distance: 6.93 km; Road distance: 9.2 km (25–35 mins via NIBM / Lulla Nagar) from Saptrang Akash HQ. Checked 2026-10-08.,"Locality-specific road commute assessment (9.2 km), society/school context, and verified subject availability for Kondhwa.",/pune/ | / | /find-tutor/ | /pune/kondhwa/physics-tutors/ | /pune/kondhwa/chemistry-tutors/ | /pune/kondhwa/maths-tutors/ | /pune/kondhwa/biology-tutors/ | /pune/kondhwa/science-tutors/,East Pune Operations & SEO Lead
/pune/bt-kawade-road/,locality_hub,published,"Home & Online Tutors in BT Kawade Road, Pune (NEET, JEE & Boards) | Skill+ Tutors","Home & Online Tutors in BT Kawade Road, Pune","Find verified 1-on-1 home or online tutors serving BT Kawade Road, Pune and check road transit availability from Hadapsar",home tutors in bt kawade road pune | tuition in bt kawade road | private tutor bt kawade road pune | home tutors in b.t. kawade road | home tutors in bt kawade,BT Kawade Road,All Verified Offerings,Haversine distance: 5.43 km; Road distance: 6.9 km (18–24 mins via Solapur Rd / Ghorpadi Link) from Saptrang Akash HQ. Checked 2026-10-08.,"Locality-specific road commute assessment (6.9 km), society/school context, and verified subject availability for BT Kawade Road.",/pune/ | / | /find-tutor/,East Pune Operations & SEO Lead
/pune/ghorpadi/,locality_hub,published,"Home & Online Tutors in Ghorpadi, Pune (NEET, JEE & Boards) | Skill+ Tutors","Home & Online Tutors in Ghorpadi, Pune","Find verified 1-on-1 home or online tutors serving Ghorpadi, Pune and check road transit availability from Hadapsar",home tutors in ghorpadi pune | tuition in ghorpadi | private tutor ghorpadi pune | home tutors in ghorpadi gaon | home tutors in ghorpadi cantonment,Ghorpadi,All Verified Offerings,Haversine distance: 6.33 km; Road distance: 8.3 km (22–30 mins via BT Kawade Road or Mundhwa) from Saptrang Akash HQ. Checked 2026-10-08.,"Locality-specific road commute assessment (8.3 km), society/school context, and verified subject availability for Ghorpadi.",/pune/ | / | /find-tutor/,East Pune Operations & SEO Lead
/pune/lulla-nagar/,locality_hub,published,"Home & Online Tutors in Lulla Nagar, Pune (NEET, JEE & Boards) | Skill+ Tutors","Home & Online Tutors in Lulla Nagar, Pune","Find verified 1-on-1 home or online tutors serving Lulla Nagar, Pune and check road transit availability from Hadapsar",home tutors in lulla nagar pune | tuition in lulla nagar | private tutor lulla nagar pune | home tutors in lullanagar,Lulla Nagar,All Verified Offerings,Haversine distance: 6.45 km; Road distance: 8.2 km (22–28 mins via Wanowrie / Fatima Nagar) from Saptrang Akash HQ. Checked 2026-10-08.,"Locality-specific road commute assessment (8.2 km), society/school context, and verified subject availability for Lulla Nagar.",/pune/ | / | /find-tutor/,East Pune Operations & SEO Lead
/pune/phursungi/,locality_hub,published,"Home & Online Tutors in Phursungi, Pune (NEET, JEE & Boards) | Skill+ Tutors","Home & Online Tutors in Phursungi, Pune","Find verified 1-on-1 home or online tutors serving Phursungi, Pune and check road transit availability from Hadapsar",home tutors in phursungi pune | tuition in phursungi | private tutor phursungi pune | home tutors in fursungi | home tutors in phursungi road,Phursungi,All Verified Offerings,Haversine distance: 2.09 km; Road distance: 2.9 km (8–12 mins via Tukai Darshan / Phursungi Road) from Saptrang Akash HQ. Checked 2026-10-08.,"Locality-specific road commute assessment (2.9 km), society/school context, and verified subject availability for Phursungi.",/pune/ | / | /find-tutor/ | /pune/phursungi/physics-tutors/ | /pune/phursungi/chemistry-tutors/ | /pune/phursungi/maths-tutors/ | /pune/phursungi/biology-tutors/ | /pune/phursungi/science-tutors/,East Pune Operations & SEO Lead
/pune/bhekrai-nagar/,locality_hub,published,"Home & Online Tutors in Bhekrai Nagar, Pune (NEET, JEE & Boards) | Skill+ Tutors","Home & Online Tutors in Bhekrai Nagar, Pune","Find verified 1-on-1 home or online tutors serving Bhekrai Nagar, Pune and check road transit availability from Hadapsar",home tutors in bhekrai nagar pune | tuition in bhekrai nagar | private tutor bhekrai nagar pune | home tutors in bhekrainagar | home tutors in bhekrai nagar phursungi,Bhekrai Nagar,All Verified Offerings,Haversine distance: 0.94 km; Road distance: 1.4 km (4–7 mins from Saptrang Akash Office) from Saptrang Akash HQ. Checked 2026-10-08.,"Locality-specific road commute assessment (1.4 km), society/school context, and verified subject availability for Bhekrai Nagar.",/pune/ | / | /find-tutor/ | /pune/bhekrai-nagar/physics-tutors/ | /pune/bhekrai-nagar/chemistry-tutors/ | /pune/bhekrai-nagar/maths-tutors/ | /pune/bhekrai-nagar/biology-tutors/ | /pune/bhekrai-nagar/science-tutors/,East Pune Operations & SEO Lead
/pune/tukai-darshan/,locality_hub,published,"Home & Online Tutors in Tukai Darshan, Pune (NEET, JEE & Boards) | Skill+ Tutors","Home & Online Tutors in Tukai Darshan, Pune","Find verified 1-on-1 home or online tutors serving Tukai Darshan, Pune and check road transit availability from Hadapsar",home tutors in tukai darshan pune | tuition in tukai darshan | private tutor tukai darshan pune | home tutors in tukai darshan hadapsar | home tutors in tukai darshan phursungi,Tukai Darshan,All Verified Offerings,Haversine distance: 0.12 km; Road distance: 0.3 km (1–4 mins walking/driving from Saptrang Akash) from Saptrang Akash HQ. Checked 2026-10-08.,"Locality-specific road commute assessment (0.3 km), society/school context, and verified subject availability for Tukai Darshan.",/pune/ | / | /find-tutor/ | /pune/tukai-darshan/physics-tutors/ | /pune/tukai-darshan/chemistry-tutors/ | /pune/tukai-darshan/maths-tutors/ | /pune/tukai-darshan/biology-tutors/ | /pune/tukai-darshan/science-tutors/,East Pune Operations & SEO Lead
/pune/papde-wasti/,locality_hub,published,"Home & Online Tutors in Papde Wasti, Pune (NEET, JEE & Boards) | Skill+ Tutors","Home & Online Tutors in Papde Wasti, Pune","Find verified 1-on-1 home or online tutors serving Papde Wasti, Pune and check road transit availability from Hadapsar",home tutors in papde wasti pune | tuition in papde wasti | private tutor papde wasti pune | home tutors in papdewasti | home tutors in papde wasti phursungi,Papde Wasti,All Verified Offerings,Haversine distance: 0.6 km; Road distance: 0.9 km (3–6 mins from Saptrang Akash HQ) from Saptrang Akash HQ. Checked 2026-10-08.,"Locality-specific road commute assessment (0.9 km), society/school context, and verified subject availability for Papde Wasti.",/pune/ | / | /find-tutor/,East Pune Operations & SEO Lead
/pune/shewalewadi/,locality_hub,published,"Home & Online Tutors in Shewalewadi, Pune (NEET, JEE & Boards) | Skill+ Tutors","Home & Online Tutors in Shewalewadi, Pune","Find verified 1-on-1 home or online tutors serving Shewalewadi, Pune and check road transit availability from Hadapsar",home tutors in shewalewadi pune | tuition in shewalewadi | private tutor shewalewadi pune | home tutors in shewalewadi solapur road,Shewalewadi,All Verified Offerings,Haversine distance: 2.62 km; Road distance: 3.5 km (9–14 mins via NH-65 Solapur Highway) from Saptrang Akash HQ. Checked 2026-10-08.,"Locality-specific road commute assessment (3.5 km), society/school context, and verified subject availability for Shewalewadi.",/pune/ | / | /find-tutor/ | /pune/shewalewadi/physics-tutors/ | /pune/shewalewadi/chemistry-tutors/ | /pune/shewalewadi/maths-tutors/ | /pune/shewalewadi/biology-tutors/ | /pune/shewalewadi/science-tutors/,East Pune Operations & SEO Lead
/pune/manjari-budruk/,locality_hub,published,"Home & Online Tutors in Manjari Budruk, Pune (NEET, JEE & Boards) | Skill+ Tutors","Home & Online Tutors in Manjari Budruk, Pune","Find verified 1-on-1 home or online tutors serving Manjari Budruk, Pune and check road transit availability from Hadapsar",home tutors in manjari budruk pune | tuition in manjari budruk | private tutor manjari budruk pune | home tutors in manjari | home tutors in manjri | home tutors in manjari bk,Manjari Budruk,All Verified Offerings,Haversine distance: 4.37 km; Road distance: 5.8 km (15–22 mins via Manjari Road from NH-65) from Saptrang Akash HQ. Checked 2026-10-08.,"Locality-specific road commute assessment (5.8 km), society/school context, and verified subject availability for Manjari Budruk.",/pune/ | / | /find-tutor/ | /pune/manjari-budruk/physics-tutors/ | /pune/manjari-budruk/chemistry-tutors/ | /pune/manjari-budruk/maths-tutors/ | /pune/manjari-budruk/biology-tutors/ | /pune/manjari-budruk/science-tutors/,East Pune Operations & SEO Lead
/pune/uruli-devachi/,locality_hub,published,"Home & Online Tutors in Uruli Devachi, Pune (NEET, JEE & Boards) | Skill+ Tutors","Home & Online Tutors in Uruli Devachi, Pune","Find verified 1-on-1 home or online tutors serving Uruli Devachi, Pune and check road transit availability from Hadapsar",home tutors in uruli devachi pune | tuition in uruli devachi | private tutor uruli devachi pune | home tutors in urali devachi | home tutors in uruli devachi phata,Uruli Devachi,All Verified Offerings,Haversine distance: 3.84 km; Road distance: 5 km (12–18 mins via Pune-Saswad Road) from Saptrang Akash HQ. Checked 2026-10-08.,"Locality-specific road commute assessment (5 km), society/school context, and verified subject availability for Uruli Devachi.",/pune/ | / | /find-tutor/,East Pune Operations & SEO Lead
/pune/holkarwadi/,locality_hub,needs_evidence,"Home & Online Tutors in Holkarwadi, Pune (NEET, JEE & Boards) | Skill+ Tutors","Home & Online Tutors in Holkarwadi, Pune","Find verified 1-on-1 home or online tutors serving Holkarwadi, Pune and check road transit availability from Hadapsar",home tutors in holkarwadi pune | tuition in holkarwadi | private tutor holkarwadi pune | home tutors in holkarwadi handewadi,Holkarwadi,All Verified Offerings,Haversine distance: 4.05 km; Road distance: 5.4 km (15–22 mins via Handewadi-Wadki Road) from Saptrang Akash HQ. Checked 2026-10-08.,"Locality-specific road commute assessment (5.4 km), society/school context, and verified subject availability for Holkarwadi.",/pune/ | / | /find-tutor/,East Pune Operations & SEO Lead
/pune/wadki/,locality_hub,needs_evidence,"Home & Online Tutors in Wadki, Pune (NEET, JEE & Boards) | Skill+ Tutors","Home & Online Tutors in Wadki, Pune","Find verified 1-on-1 home or online tutors serving Wadki, Pune and check road transit availability from Hadapsar",home tutors in wadki pune | tuition in wadki | private tutor wadki pune | home tutors in wadki saswad road,Wadki,All Verified Offerings,Haversine distance: 5.57 km; Road distance: 7.2 km (18–25 mins towards Dive Ghat approach) from Saptrang Akash HQ. Checked 2026-10-08.,"Locality-specific road commute assessment (7.2 km), society/school context, and verified subject availability for Wadki.",/pune/ | / | /find-tutor/,East Pune Operations & SEO Lead
/pune/camp/,locality_hub,needs_evidence,"Home & Online Tutors in Camp, Pune (NEET, JEE & Boards) | Skill+ Tutors","Home & Online Tutors in Camp, Pune","Find verified 1-on-1 home or online tutors serving Camp, Pune and check road transit availability from Hadapsar",home tutors in camp pune | tuition in camp | private tutor camp pune | home tutors in pune camp | home tutors in mg road camp | home tutors in pune cantonment,Camp,All Verified Offerings,Haversine distance: 7.97 km; Road distance: 9.9 km (28–38 mins via Solapur Road) from Saptrang Akash HQ. Checked 2026-10-08.,"Locality-specific road commute assessment (9.9 km), society/school context, and verified subject availability for Camp.",/pune/ | / | /find-tutor/,East Pune Operations & SEO Lead
/pune/manjari-khurd/,locality_hub,needs_evidence,"Home & Online Tutors in Manjari Khurd, Pune (NEET, JEE & Boards) | Skill+ Tutors","Home & Online Tutors in Manjari Khurd, Pune","Find verified 1-on-1 home or online tutors serving Manjari Khurd, Pune and check road transit availability from Hadapsar",home tutors in manjari khurd pune | tuition in manjari khurd | private tutor manjari khurd pune | home tutors in manjri khurd,Manjari Khurd,All Verified Offerings,Haversine distance: 7.21 km; Road distance: 10.6 km (30–40 mins beyond Manjari Budruk) from Saptrang Akash HQ. Checked 2026-10-08.,"Locality-specific road commute assessment (10.6 km), society/school context, and verified subject availability for Manjari Khurd.",/pune/ | / | /find-tutor/,East Pune Operations & SEO Lead
/pune/koregaon-park/,locality_hub,needs_evidence,"Home & Online Tutors in Koregaon Park, Pune (NEET, JEE & Boards) | Skill+ Tutors","Home & Online Tutors in Koregaon Park, Pune","Find verified 1-on-1 home or online tutors serving Koregaon Park, Pune and check road transit availability from Hadapsar",home tutors in koregaon park pune | tuition in koregaon park | private tutor koregaon park pune | home tutors in kp pune | home tutors in north main road kp,Koregaon Park,All Verified Offerings,Haversine distance: 8.3 km; Road distance: 11.2 km (32–45 mins via Mundhwa / Ghorpadi river bridges) from Saptrang Akash HQ. Checked 2026-10-08.,"Locality-specific road commute assessment (11.2 km), society/school context, and verified subject availability for Koregaon Park.",/pune/ | / | /find-tutor/,East Pune Operations & SEO Lead
/pune/kalyani-nagar/,locality_hub,needs_evidence,"Home & Online Tutors in Kalyani Nagar, Pune (NEET, JEE & Boards) | Skill+ Tutors","Home & Online Tutors in Kalyani Nagar, Pune","Find verified 1-on-1 home or online tutors serving Kalyani Nagar, Pune and check road transit availability from Hadapsar",home tutors in kalyani nagar pune | tuition in kalyani nagar | private tutor kalyani nagar pune | home tutors in kalyaninagar,Kalyani Nagar,All Verified Offerings,Haversine distance: 8.46 km; Road distance: 11.6 km (35–48 mins across Mundhwa Bridge) from Saptrang Akash HQ. Checked 2026-10-08.,"Locality-specific road commute assessment (11.6 km), society/school context, and verified subject availability for Kalyani Nagar.",/pune/ | / | /find-tutor/,East Pune Operations & SEO Lead
/pune/wadgaon-sheri/,locality_hub,needs_evidence,"Home & Online Tutors in Wadgaon Sheri, Pune (NEET, JEE & Boards) | Skill+ Tutors","Home & Online Tutors in Wadgaon Sheri, Pune","Find verified 1-on-1 home or online tutors serving Wadgaon Sheri, Pune and check road transit availability from Hadapsar",home tutors in wadgaon sheri pune | tuition in wadgaon sheri | private tutor wadgaon sheri pune | home tutors in vadgaon sheri,Wadgaon Sheri,All Verified Offerings,Haversine distance: 8.21 km; Road distance: 11.4 km (35–45 mins via Mundhwa-Kharadi Bypass) from Saptrang Akash HQ. Checked 2026-10-08.,"Locality-specific road commute assessment (11.4 km), society/school context, and verified subject availability for Wadgaon Sheri.",/pune/ | / | /find-tutor/,East Pune Operations & SEO Lead
/pune/bibwewadi/,locality_hub,needs_evidence,"Home & Online Tutors in Bibwewadi, Pune (NEET, JEE & Boards) | Skill+ Tutors","Home & Online Tutors in Bibwewadi, Pune","Find verified 1-on-1 home or online tutors serving Bibwewadi, Pune and check road transit availability from Hadapsar",home tutors in bibwewadi pune | tuition in bibwewadi | private tutor bibwewadi pune | home tutors in bibvewadi,Bibwewadi,All Verified Offerings,Haversine distance: 9.32 km; Road distance: 12.4 km (35–48 mins via Kondhwa / Lulla Nagar) from Saptrang Akash HQ. Checked 2026-10-08.,"Locality-specific road commute assessment (12.4 km), society/school context, and verified subject availability for Bibwewadi.",/pune/ | / | /find-tutor/,East Pune Operations & SEO Lead
/pune/swargate/,locality_hub,needs_evidence,"Home & Online Tutors in Swargate, Pune (NEET, JEE & Boards) | Skill+ Tutors","Home & Online Tutors in Swargate, Pune","Find verified 1-on-1 home or online tutors serving Swargate, Pune and check road transit availability from Hadapsar",home tutors in swargate pune | tuition in swargate | private tutor swargate pune | home tutors in swargate pune,Swargate,All Verified Offerings,Haversine distance: 9.52 km; Road distance: 11.8 km (35–45 mins via Solapur Road / Shankarsheth Road) from Saptrang Akash HQ. Checked 2026-10-08.,"Locality-specific road commute assessment (11.8 km), society/school context, and verified subject availability for Swargate.",/pune/ | / | /find-tutor/,East Pune Operations & SEO Lead
/pune/loni-kalbhor/,locality_hub,needs_evidence,"Home & Online Tutors in Loni Kalbhor, Pune (NEET, JEE & Boards) | Skill+ Tutors","Home & Online Tutors in Loni Kalbhor, Pune","Find verified 1-on-1 home or online tutors serving Loni Kalbhor, Pune and check road transit availability from Hadapsar",home tutors in loni kalbhor pune | tuition in loni kalbhor | private tutor loni kalbhor pune | home tutors in loni kalbhor solapur road | home tutors in mit loni kalbhor,Loni Kalbhor,All Verified Offerings,Haversine distance: 7.51 km; Road distance: 9.6 km (22–30 mins east along NH-65 beyond Hadapsar Toll) from Saptrang Akash HQ. Checked 2026-10-08.,"Locality-specific road commute assessment (9.6 km), society/school context, and verified subject availability for Loni Kalbhor.",/pune/ | / | /find-tutor/,East Pune Operations & SEO Lead
/pune/hadapsar/physics-tutors/,subject_locality,published,"Physics Tutors in Hadapsar, Pune (Home & Online) | Skill+ Tutors","Physics Home & Online Tutors in Hadapsar, Pune","Book a 1-on-1 Physics tutor for home visits or online tuition in Hadapsar, Pune",physics tutor hadapsar | physics teacher hadapsar pune | physics home tuition hadapsar | physics tutor hadapsar pune | physics tutor hadapsar central,Hadapsar,Physics,Confirmed Physics faculty coverage for Hadapsar (4.6 km road distance from Hadapsar HQ).,"Combines Physics-specific pedagogy (Classical Mechanics: Kinematics, Laws of Motion, Work-Energy-Power, Rotational Dynamics, and Gravitation) with practical Hadapsar road-commute scheduling (12–18 mins via Sasane Nagar Rd or NH-65).",/pune/hadapsar/ | /subjects/physics/ | /pune/ | /find-tutor/,Physics & Local Operations Reviewer
/pune/hadapsar/chemistry-tutors/,subject_locality,published,"Chemistry Tutors in Hadapsar, Pune (Home & Online) | Skill+ Tutors","Chemistry Home & Online Tutors in Hadapsar, Pune","Book a 1-on-1 Chemistry tutor for home visits or online tuition in Hadapsar, Pune",chemistry tutor hadapsar | chemistry teacher hadapsar pune | chemistry home tuition hadapsar | chemistry tutor hadapsar pune | chemistry tutor hadapsar central,Hadapsar,Chemistry,Confirmed Chemistry faculty coverage for Hadapsar (4.6 km road distance from Hadapsar HQ).,"Combines Chemistry-specific pedagogy (Organic Chemistry reaction mechanisms, named reactions, and GOC) with practical Hadapsar road-commute scheduling (12–18 mins via Sasane Nagar Rd or NH-65).",/pune/hadapsar/ | /subjects/chemistry/ | /pune/ | /find-tutor/,Chemistry & Local Operations Reviewer
/pune/hadapsar/maths-tutors/,subject_locality,published,"Mathematics Tutors in Hadapsar, Pune (Home & Online) | Skill+ Tutors","Mathematics Home & Online Tutors in Hadapsar, Pune","Book a 1-on-1 Mathematics tutor for home visits or online tuition in Hadapsar, Pune",mathematics tutor hadapsar | mathematics teacher hadapsar pune | mathematics home tuition hadapsar | mathematics tutor hadapsar pune | mathematics tutor hadapsar central,Hadapsar,Mathematics,Confirmed Mathematics faculty coverage for Hadapsar (4.6 km road distance from Hadapsar HQ).,"Combines Mathematics-specific pedagogy (Class 8–10 Core: Linear & Quadratic Equations, Coordinate Geometry, Trigonometry, Mensuration, Triangles, Statistics & Probability) with practical Hadapsar road-commute scheduling (12–18 mins via Sasane Nagar Rd or NH-65).",/pune/hadapsar/ | /subjects/mathematics/ | /pune/ | /find-tutor/,Mathematics & Local Operations Reviewer
/pune/hadapsar/biology-tutors/,subject_locality,published,"Biology Tutors in Hadapsar, Pune (Home & Online) | Skill+ Tutors","Biology Home & Online Tutors in Hadapsar, Pune","Book a 1-on-1 Biology tutor for home visits or online tuition in Hadapsar, Pune",biology tutor hadapsar | biology teacher hadapsar pune | biology home tuition hadapsar | biology tutor hadapsar pune | biology tutor hadapsar central,Hadapsar,Biology,Confirmed Biology faculty coverage for Hadapsar (4.6 km road distance from Hadapsar HQ).,"Combines Biology-specific pedagogy (Human & Plant Physiology: Digestion, Respiration, Circulation, Excretion, Neural/Chemical Coordination, Photosynthesis) with practical Hadapsar road-commute scheduling (12–18 mins via Sasane Nagar Rd or NH-65).",/pune/hadapsar/ | /subjects/biology/ | /pune/ | /find-tutor/,Biology & Local Operations Reviewer
/pune/hadapsar/science-tutors/,subject_locality,published,"Class 8–10 Science Tutors in Hadapsar, Pune (Home & Online) | Skill+ Tutors","Class 8–10 Science Home & Online Tutors in Hadapsar, Pune","Book a 1-on-1 Class 8–10 Science tutor for home visits or online tuition in Hadapsar, Pune",science tutor hadapsar | science teacher hadapsar pune | science home tuition hadapsar | science tutor hadapsar pune | science tutor hadapsar central,Hadapsar,Class 8–10 Science,Confirmed Class 8–10 Science faculty coverage for Hadapsar (4.6 km road distance from Hadapsar HQ).,"Combines Class 8–10 Science-specific pedagogy (Class 10 Physics Units: Light Reflection & Refraction, Human Eye, Electricity, Magnetic Effects of Electric Current) with practical Hadapsar road-commute scheduling (12–18 mins via Sasane Nagar Rd or NH-65).",/pune/hadapsar/ | /subjects/science/ | /pune/ | /find-tutor/,Class 8–10 Science & Local Operations Reviewer
/pune/hadapsar-gadital/physics-tutors/,subject_locality,published,"Physics Tutors in Hadapsar Gadital, Pune (Home & Online) | Skill+ Tutors","Physics Home & Online Tutors in Hadapsar Gadital, Pune","Book a 1-on-1 Physics tutor for home visits or online tuition in Hadapsar Gadital, Pune",physics tutor hadapsar gadital | physics teacher hadapsar gadital pune | physics home tuition hadapsar gadital | physics tutor gadital | physics tutor gadital hadapsar,Hadapsar Gadital,Physics,Confirmed Physics faculty coverage for Hadapsar Gadital (2.5 km road distance from Hadapsar HQ).,"Combines Physics-specific pedagogy (Classical Mechanics: Kinematics, Laws of Motion, Work-Energy-Power, Rotational Dynamics, and Gravitation) with practical Hadapsar Gadital road-commute scheduling (8–12 mins via Pune-Solapur Highway).",/pune/hadapsar-gadital/ | /subjects/physics/ | /pune/ | /find-tutor/,Physics & Local Operations Reviewer
/pune/hadapsar-gadital/chemistry-tutors/,subject_locality,published,"Chemistry Tutors in Hadapsar Gadital, Pune (Home & Online) | Skill+ Tutors","Chemistry Home & Online Tutors in Hadapsar Gadital, Pune","Book a 1-on-1 Chemistry tutor for home visits or online tuition in Hadapsar Gadital, Pune",chemistry tutor hadapsar gadital | chemistry teacher hadapsar gadital pune | chemistry home tuition hadapsar gadital | chemistry tutor gadital | chemistry tutor gadital hadapsar,Hadapsar Gadital,Chemistry,Confirmed Chemistry faculty coverage for Hadapsar Gadital (2.5 km road distance from Hadapsar HQ).,"Combines Chemistry-specific pedagogy (Organic Chemistry reaction mechanisms, named reactions, and GOC) with practical Hadapsar Gadital road-commute scheduling (8–12 mins via Pune-Solapur Highway).",/pune/hadapsar-gadital/ | /subjects/chemistry/ | /pune/ | /find-tutor/,Chemistry & Local Operations Reviewer
/pune/hadapsar-gadital/maths-tutors/,subject_locality,published,"Mathematics Tutors in Hadapsar Gadital, Pune (Home & Online) | Skill+ Tutors","Mathematics Home & Online Tutors in Hadapsar Gadital, Pune","Book a 1-on-1 Mathematics tutor for home visits or online tuition in Hadapsar Gadital, Pune",mathematics tutor hadapsar gadital | mathematics teacher hadapsar gadital pune | mathematics home tuition hadapsar gadital | mathematics tutor gadital | mathematics tutor gadital hadapsar,Hadapsar Gadital,Mathematics,Confirmed Mathematics faculty coverage for Hadapsar Gadital (2.5 km road distance from Hadapsar HQ).,"Combines Mathematics-specific pedagogy (Class 8–10 Core: Linear & Quadratic Equations, Coordinate Geometry, Trigonometry, Mensuration, Triangles, Statistics & Probability) with practical Hadapsar Gadital road-commute scheduling (8–12 mins via Pune-Solapur Highway).",/pune/hadapsar-gadital/ | /subjects/mathematics/ | /pune/ | /find-tutor/,Mathematics & Local Operations Reviewer
/pune/hadapsar-gadital/biology-tutors/,subject_locality,published,"Biology Tutors in Hadapsar Gadital, Pune (Home & Online) | Skill+ Tutors","Biology Home & Online Tutors in Hadapsar Gadital, Pune","Book a 1-on-1 Biology tutor for home visits or online tuition in Hadapsar Gadital, Pune",biology tutor hadapsar gadital | biology teacher hadapsar gadital pune | biology home tuition hadapsar gadital | biology tutor gadital | biology tutor gadital hadapsar,Hadapsar Gadital,Biology,Confirmed Biology faculty coverage for Hadapsar Gadital (2.5 km road distance from Hadapsar HQ).,"Combines Biology-specific pedagogy (Human & Plant Physiology: Digestion, Respiration, Circulation, Excretion, Neural/Chemical Coordination, Photosynthesis) with practical Hadapsar Gadital road-commute scheduling (8–12 mins via Pune-Solapur Highway).",/pune/hadapsar-gadital/ | /subjects/biology/ | /pune/ | /find-tutor/,Biology & Local Operations Reviewer
/pune/hadapsar-gadital/science-tutors/,subject_locality,published,"Class 8–10 Science Tutors in Hadapsar Gadital, Pune (Home & Online) | Skill+ Tutors","Class 8–10 Science Home & Online Tutors in Hadapsar Gadital, Pune","Book a 1-on-1 Class 8–10 Science tutor for home visits or online tuition in Hadapsar Gadital, Pune",science tutor hadapsar gadital | science teacher hadapsar gadital pune | science home tuition hadapsar gadital | science tutor gadital | science tutor gadital hadapsar,Hadapsar Gadital,Class 8–10 Science,Confirmed Class 8–10 Science faculty coverage for Hadapsar Gadital (2.5 km road distance from Hadapsar HQ).,"Combines Class 8–10 Science-specific pedagogy (Class 10 Physics Units: Light Reflection & Refraction, Human Eye, Electricity, Magnetic Effects of Electric Current) with practical Hadapsar Gadital road-commute scheduling (8–12 mins via Pune-Solapur Highway).",/pune/hadapsar-gadital/ | /subjects/science/ | /pune/ | /find-tutor/,Class 8–10 Science & Local Operations Reviewer
/pune/sasane-nagar/physics-tutors/,subject_locality,published,"Physics Tutors in Sasane Nagar, Pune (Home & Online) | Skill+ Tutors","Physics Home & Online Tutors in Sasane Nagar, Pune","Book a 1-on-1 Physics tutor for home visits or online tuition in Sasane Nagar, Pune",physics tutor sasane nagar | physics teacher sasane nagar pune | physics home tuition sasane nagar | physics tutor sasane nagar hadapsar,Sasane Nagar,Physics,Confirmed Physics faculty coverage for Sasane Nagar (2.4 km road distance from Hadapsar HQ).,"Combines Physics-specific pedagogy (Classical Mechanics: Kinematics, Laws of Motion, Work-Energy-Power, Rotational Dynamics, and Gravitation) with practical Sasane Nagar road-commute scheduling (8–14 mins via Kalepadal-Sasane Nagar Link).",/pune/sasane-nagar/ | /subjects/physics/ | /pune/ | /find-tutor/,Physics & Local Operations Reviewer
/pune/sasane-nagar/chemistry-tutors/,subject_locality,published,"Chemistry Tutors in Sasane Nagar, Pune (Home & Online) | Skill+ Tutors","Chemistry Home & Online Tutors in Sasane Nagar, Pune","Book a 1-on-1 Chemistry tutor for home visits or online tuition in Sasane Nagar, Pune",chemistry tutor sasane nagar | chemistry teacher sasane nagar pune | chemistry home tuition sasane nagar | chemistry tutor sasane nagar hadapsar,Sasane Nagar,Chemistry,Confirmed Chemistry faculty coverage for Sasane Nagar (2.4 km road distance from Hadapsar HQ).,"Combines Chemistry-specific pedagogy (Organic Chemistry reaction mechanisms, named reactions, and GOC) with practical Sasane Nagar road-commute scheduling (8–14 mins via Kalepadal-Sasane Nagar Link).",/pune/sasane-nagar/ | /subjects/chemistry/ | /pune/ | /find-tutor/,Chemistry & Local Operations Reviewer
/pune/sasane-nagar/maths-tutors/,subject_locality,published,"Mathematics Tutors in Sasane Nagar, Pune (Home & Online) | Skill+ Tutors","Mathematics Home & Online Tutors in Sasane Nagar, Pune","Book a 1-on-1 Mathematics tutor for home visits or online tuition in Sasane Nagar, Pune",mathematics tutor sasane nagar | mathematics teacher sasane nagar pune | mathematics home tuition sasane nagar | mathematics tutor sasane nagar hadapsar,Sasane Nagar,Mathematics,Confirmed Mathematics faculty coverage for Sasane Nagar (2.4 km road distance from Hadapsar HQ).,"Combines Mathematics-specific pedagogy (Class 8–10 Core: Linear & Quadratic Equations, Coordinate Geometry, Trigonometry, Mensuration, Triangles, Statistics & Probability) with practical Sasane Nagar road-commute scheduling (8–14 mins via Kalepadal-Sasane Nagar Link).",/pune/sasane-nagar/ | /subjects/mathematics/ | /pune/ | /find-tutor/,Mathematics & Local Operations Reviewer
/pune/sasane-nagar/biology-tutors/,subject_locality,published,"Biology Tutors in Sasane Nagar, Pune (Home & Online) | Skill+ Tutors","Biology Home & Online Tutors in Sasane Nagar, Pune","Book a 1-on-1 Biology tutor for home visits or online tuition in Sasane Nagar, Pune",biology tutor sasane nagar | biology teacher sasane nagar pune | biology home tuition sasane nagar | biology tutor sasane nagar hadapsar,Sasane Nagar,Biology,Confirmed Biology faculty coverage for Sasane Nagar (2.4 km road distance from Hadapsar HQ).,"Combines Biology-specific pedagogy (Human & Plant Physiology: Digestion, Respiration, Circulation, Excretion, Neural/Chemical Coordination, Photosynthesis) with practical Sasane Nagar road-commute scheduling (8–14 mins via Kalepadal-Sasane Nagar Link).",/pune/sasane-nagar/ | /subjects/biology/ | /pune/ | /find-tutor/,Biology & Local Operations Reviewer
/pune/sasane-nagar/science-tutors/,subject_locality,published,"Class 8–10 Science Tutors in Sasane Nagar, Pune (Home & Online) | Skill+ Tutors","Class 8–10 Science Home & Online Tutors in Sasane Nagar, Pune","Book a 1-on-1 Class 8–10 Science tutor for home visits or online tuition in Sasane Nagar, Pune",science tutor sasane nagar | science teacher sasane nagar pune | science home tuition sasane nagar | science tutor sasane nagar hadapsar,Sasane Nagar,Class 8–10 Science,Confirmed Class 8–10 Science faculty coverage for Sasane Nagar (2.4 km road distance from Hadapsar HQ).,"Combines Class 8–10 Science-specific pedagogy (Class 10 Physics Units: Light Reflection & Refraction, Human Eye, Electricity, Magnetic Effects of Electric Current) with practical Sasane Nagar road-commute scheduling (8–14 mins via Kalepadal-Sasane Nagar Link).",/pune/sasane-nagar/ | /subjects/science/ | /pune/ | /find-tutor/,Class 8–10 Science & Local Operations Reviewer
/pune/malwadi/physics-tutors/,subject_locality,published,"Physics Tutors in Malwadi, Pune (Home & Online) | Skill+ Tutors","Physics Home & Online Tutors in Malwadi, Pune","Book a 1-on-1 Physics tutor for home visits or online tuition in Malwadi, Pune",physics tutor malwadi | physics teacher malwadi pune | physics home tuition malwadi | physics tutor malwadi hadapsar | physics tutor dp road hadapsar,Malwadi,Physics,Confirmed Physics faculty coverage for Malwadi (3.5 km road distance from Hadapsar HQ).,"Combines Physics-specific pedagogy (Classical Mechanics: Kinematics, Laws of Motion, Work-Energy-Power, Rotational Dynamics, and Gravitation) with practical Malwadi road-commute scheduling (10–15 mins via Gadital and Malwadi DP Road).",/pune/malwadi/ | /subjects/physics/ | /pune/ | /find-tutor/,Physics & Local Operations Reviewer
/pune/malwadi/chemistry-tutors/,subject_locality,published,"Chemistry Tutors in Malwadi, Pune (Home & Online) | Skill+ Tutors","Chemistry Home & Online Tutors in Malwadi, Pune","Book a 1-on-1 Chemistry tutor for home visits or online tuition in Malwadi, Pune",chemistry tutor malwadi | chemistry teacher malwadi pune | chemistry home tuition malwadi | chemistry tutor malwadi hadapsar | chemistry tutor dp road hadapsar,Malwadi,Chemistry,Confirmed Chemistry faculty coverage for Malwadi (3.5 km road distance from Hadapsar HQ).,"Combines Chemistry-specific pedagogy (Organic Chemistry reaction mechanisms, named reactions, and GOC) with practical Malwadi road-commute scheduling (10–15 mins via Gadital and Malwadi DP Road).",/pune/malwadi/ | /subjects/chemistry/ | /pune/ | /find-tutor/,Chemistry & Local Operations Reviewer
/pune/malwadi/maths-tutors/,subject_locality,published,"Mathematics Tutors in Malwadi, Pune (Home & Online) | Skill+ Tutors","Mathematics Home & Online Tutors in Malwadi, Pune","Book a 1-on-1 Mathematics tutor for home visits or online tuition in Malwadi, Pune",mathematics tutor malwadi | mathematics teacher malwadi pune | mathematics home tuition malwadi | mathematics tutor malwadi hadapsar | mathematics tutor dp road hadapsar,Malwadi,Mathematics,Confirmed Mathematics faculty coverage for Malwadi (3.5 km road distance from Hadapsar HQ).,"Combines Mathematics-specific pedagogy (Class 8–10 Core: Linear & Quadratic Equations, Coordinate Geometry, Trigonometry, Mensuration, Triangles, Statistics & Probability) with practical Malwadi road-commute scheduling (10–15 mins via Gadital and Malwadi DP Road).",/pune/malwadi/ | /subjects/mathematics/ | /pune/ | /find-tutor/,Mathematics & Local Operations Reviewer
/pune/malwadi/biology-tutors/,subject_locality,published,"Biology Tutors in Malwadi, Pune (Home & Online) | Skill+ Tutors","Biology Home & Online Tutors in Malwadi, Pune","Book a 1-on-1 Biology tutor for home visits or online tuition in Malwadi, Pune",biology tutor malwadi | biology teacher malwadi pune | biology home tuition malwadi | biology tutor malwadi hadapsar | biology tutor dp road hadapsar,Malwadi,Biology,Confirmed Biology faculty coverage for Malwadi (3.5 km road distance from Hadapsar HQ).,"Combines Biology-specific pedagogy (Human & Plant Physiology: Digestion, Respiration, Circulation, Excretion, Neural/Chemical Coordination, Photosynthesis) with practical Malwadi road-commute scheduling (10–15 mins via Gadital and Malwadi DP Road).",/pune/malwadi/ | /subjects/biology/ | /pune/ | /find-tutor/,Biology & Local Operations Reviewer
/pune/malwadi/science-tutors/,subject_locality,published,"Class 8–10 Science Tutors in Malwadi, Pune (Home & Online) | Skill+ Tutors","Class 8–10 Science Home & Online Tutors in Malwadi, Pune","Book a 1-on-1 Class 8–10 Science tutor for home visits or online tuition in Malwadi, Pune",science tutor malwadi | science teacher malwadi pune | science home tuition malwadi | science tutor malwadi hadapsar | science tutor dp road hadapsar,Malwadi,Class 8–10 Science,Confirmed Class 8–10 Science faculty coverage for Malwadi (3.5 km road distance from Hadapsar HQ).,"Combines Class 8–10 Science-specific pedagogy (Class 10 Physics Units: Light Reflection & Refraction, Human Eye, Electricity, Magnetic Effects of Electric Current) with practical Malwadi road-commute scheduling (10–15 mins via Gadital and Malwadi DP Road).",/pune/malwadi/ | /subjects/science/ | /pune/ | /find-tutor/,Class 8–10 Science & Local Operations Reviewer
/pune/satavwadi/physics-tutors/,subject_locality,published,"Physics Tutors in Satavwadi, Pune (Home & Online) | Skill+ Tutors","Physics Home & Online Tutors in Satavwadi, Pune","Book a 1-on-1 Physics tutor for home visits or online tuition in Satavwadi, Pune",physics tutor satavwadi | physics teacher satavwadi pune | physics home tuition satavwadi | physics tutor satavwadi hadapsar,Satavwadi,Physics,Confirmed Physics faculty coverage for Satavwadi (2.1 km road distance from Hadapsar HQ).,"Combines Physics-specific pedagogy (Classical Mechanics: Kinematics, Laws of Motion, Work-Energy-Power, Rotational Dynamics, and Gravitation) with practical Satavwadi road-commute scheduling (6–10 mins via NH-65 Service Road).",/pune/satavwadi/ | /subjects/physics/ | /pune/ | /find-tutor/,Physics & Local Operations Reviewer
/pune/satavwadi/chemistry-tutors/,subject_locality,published,"Chemistry Tutors in Satavwadi, Pune (Home & Online) | Skill+ Tutors","Chemistry Home & Online Tutors in Satavwadi, Pune","Book a 1-on-1 Chemistry tutor for home visits or online tuition in Satavwadi, Pune",chemistry tutor satavwadi | chemistry teacher satavwadi pune | chemistry home tuition satavwadi | chemistry tutor satavwadi hadapsar,Satavwadi,Chemistry,Confirmed Chemistry faculty coverage for Satavwadi (2.1 km road distance from Hadapsar HQ).,"Combines Chemistry-specific pedagogy (Organic Chemistry reaction mechanisms, named reactions, and GOC) with practical Satavwadi road-commute scheduling (6–10 mins via NH-65 Service Road).",/pune/satavwadi/ | /subjects/chemistry/ | /pune/ | /find-tutor/,Chemistry & Local Operations Reviewer
/pune/satavwadi/maths-tutors/,subject_locality,published,"Mathematics Tutors in Satavwadi, Pune (Home & Online) | Skill+ Tutors","Mathematics Home & Online Tutors in Satavwadi, Pune","Book a 1-on-1 Mathematics tutor for home visits or online tuition in Satavwadi, Pune",mathematics tutor satavwadi | mathematics teacher satavwadi pune | mathematics home tuition satavwadi | mathematics tutor satavwadi hadapsar,Satavwadi,Mathematics,Confirmed Mathematics faculty coverage for Satavwadi (2.1 km road distance from Hadapsar HQ).,"Combines Mathematics-specific pedagogy (Class 8–10 Core: Linear & Quadratic Equations, Coordinate Geometry, Trigonometry, Mensuration, Triangles, Statistics & Probability) with practical Satavwadi road-commute scheduling (6–10 mins via NH-65 Service Road).",/pune/satavwadi/ | /subjects/mathematics/ | /pune/ | /find-tutor/,Mathematics & Local Operations Reviewer
/pune/satavwadi/biology-tutors/,subject_locality,published,"Biology Tutors in Satavwadi, Pune (Home & Online) | Skill+ Tutors","Biology Home & Online Tutors in Satavwadi, Pune","Book a 1-on-1 Biology tutor for home visits or online tuition in Satavwadi, Pune",biology tutor satavwadi | biology teacher satavwadi pune | biology home tuition satavwadi | biology tutor satavwadi hadapsar,Satavwadi,Biology,Confirmed Biology faculty coverage for Satavwadi (2.1 km road distance from Hadapsar HQ).,"Combines Biology-specific pedagogy (Human & Plant Physiology: Digestion, Respiration, Circulation, Excretion, Neural/Chemical Coordination, Photosynthesis) with practical Satavwadi road-commute scheduling (6–10 mins via NH-65 Service Road).",/pune/satavwadi/ | /subjects/biology/ | /pune/ | /find-tutor/,Biology & Local Operations Reviewer
/pune/satavwadi/science-tutors/,subject_locality,published,"Class 8–10 Science Tutors in Satavwadi, Pune (Home & Online) | Skill+ Tutors","Class 8–10 Science Home & Online Tutors in Satavwadi, Pune","Book a 1-on-1 Class 8–10 Science tutor for home visits or online tuition in Satavwadi, Pune",science tutor satavwadi | science teacher satavwadi pune | science home tuition satavwadi | science tutor satavwadi hadapsar,Satavwadi,Class 8–10 Science,Confirmed Class 8–10 Science faculty coverage for Satavwadi (2.1 km road distance from Hadapsar HQ).,"Combines Class 8–10 Science-specific pedagogy (Class 10 Physics Units: Light Reflection & Refraction, Human Eye, Electricity, Magnetic Effects of Electric Current) with practical Satavwadi road-commute scheduling (6–10 mins via NH-65 Service Road).",/pune/satavwadi/ | /subjects/science/ | /pune/ | /find-tutor/,Class 8–10 Science & Local Operations Reviewer
/pune/gondhale-nagar/physics-tutors/,subject_locality,published,"Physics Tutors in Gondhale Nagar, Pune (Home & Online) | Skill+ Tutors","Physics Home & Online Tutors in Gondhale Nagar, Pune","Book a 1-on-1 Physics tutor for home visits or online tuition in Gondhale Nagar, Pune",physics tutor gondhale nagar | physics teacher gondhale nagar pune | physics home tuition gondhale nagar | physics tutor gondhalenagar | physics tutor gondhale nagar hadapsar,Gondhale Nagar,Physics,Confirmed Physics faculty coverage for Gondhale Nagar (2.8 km road distance from Hadapsar HQ).,"Combines Physics-specific pedagogy (Classical Mechanics: Kinematics, Laws of Motion, Work-Energy-Power, Rotational Dynamics, and Gravitation) with practical Gondhale Nagar road-commute scheduling (9–14 mins via Satavwadi / Gadital).",/pune/gondhale-nagar/ | /subjects/physics/ | /pune/ | /find-tutor/,Physics & Local Operations Reviewer
/pune/gondhale-nagar/chemistry-tutors/,subject_locality,published,"Chemistry Tutors in Gondhale Nagar, Pune (Home & Online) | Skill+ Tutors","Chemistry Home & Online Tutors in Gondhale Nagar, Pune","Book a 1-on-1 Chemistry tutor for home visits or online tuition in Gondhale Nagar, Pune",chemistry tutor gondhale nagar | chemistry teacher gondhale nagar pune | chemistry home tuition gondhale nagar | chemistry tutor gondhalenagar | chemistry tutor gondhale nagar hadapsar,Gondhale Nagar,Chemistry,Confirmed Chemistry faculty coverage for Gondhale Nagar (2.8 km road distance from Hadapsar HQ).,"Combines Chemistry-specific pedagogy (Organic Chemistry reaction mechanisms, named reactions, and GOC) with practical Gondhale Nagar road-commute scheduling (9–14 mins via Satavwadi / Gadital).",/pune/gondhale-nagar/ | /subjects/chemistry/ | /pune/ | /find-tutor/,Chemistry & Local Operations Reviewer
/pune/gondhale-nagar/maths-tutors/,subject_locality,published,"Mathematics Tutors in Gondhale Nagar, Pune (Home & Online) | Skill+ Tutors","Mathematics Home & Online Tutors in Gondhale Nagar, Pune","Book a 1-on-1 Mathematics tutor for home visits or online tuition in Gondhale Nagar, Pune",mathematics tutor gondhale nagar | mathematics teacher gondhale nagar pune | mathematics home tuition gondhale nagar | mathematics tutor gondhalenagar | mathematics tutor gondhale nagar hadapsar,Gondhale Nagar,Mathematics,Confirmed Mathematics faculty coverage for Gondhale Nagar (2.8 km road distance from Hadapsar HQ).,"Combines Mathematics-specific pedagogy (Class 8–10 Core: Linear & Quadratic Equations, Coordinate Geometry, Trigonometry, Mensuration, Triangles, Statistics & Probability) with practical Gondhale Nagar road-commute scheduling (9–14 mins via Satavwadi / Gadital).",/pune/gondhale-nagar/ | /subjects/mathematics/ | /pune/ | /find-tutor/,Mathematics & Local Operations Reviewer
/pune/gondhale-nagar/biology-tutors/,subject_locality,published,"Biology Tutors in Gondhale Nagar, Pune (Home & Online) | Skill+ Tutors","Biology Home & Online Tutors in Gondhale Nagar, Pune","Book a 1-on-1 Biology tutor for home visits or online tuition in Gondhale Nagar, Pune",biology tutor gondhale nagar | biology teacher gondhale nagar pune | biology home tuition gondhale nagar | biology tutor gondhalenagar | biology tutor gondhale nagar hadapsar,Gondhale Nagar,Biology,Confirmed Biology faculty coverage for Gondhale Nagar (2.8 km road distance from Hadapsar HQ).,"Combines Biology-specific pedagogy (Human & Plant Physiology: Digestion, Respiration, Circulation, Excretion, Neural/Chemical Coordination, Photosynthesis) with practical Gondhale Nagar road-commute scheduling (9–14 mins via Satavwadi / Gadital).",/pune/gondhale-nagar/ | /subjects/biology/ | /pune/ | /find-tutor/,Biology & Local Operations Reviewer
/pune/gondhale-nagar/science-tutors/,subject_locality,published,"Class 8–10 Science Tutors in Gondhale Nagar, Pune (Home & Online) | Skill+ Tutors","Class 8–10 Science Home & Online Tutors in Gondhale Nagar, Pune","Book a 1-on-1 Class 8–10 Science tutor for home visits or online tuition in Gondhale Nagar, Pune",science tutor gondhale nagar | science teacher gondhale nagar pune | science home tuition gondhale nagar | science tutor gondhalenagar | science tutor gondhale nagar hadapsar,Gondhale Nagar,Class 8–10 Science,Confirmed Class 8–10 Science faculty coverage for Gondhale Nagar (2.8 km road distance from Hadapsar HQ).,"Combines Class 8–10 Science-specific pedagogy (Class 10 Physics Units: Light Reflection & Refraction, Human Eye, Electricity, Magnetic Effects of Electric Current) with practical Gondhale Nagar road-commute scheduling (9–14 mins via Satavwadi / Gadital).",/pune/gondhale-nagar/ | /subjects/science/ | /pune/ | /find-tutor/,Class 8–10 Science & Local Operations Reviewer
/pune/kalepadal/physics-tutors/,subject_locality,published,"Physics Tutors in Kalepadal, Pune (Home & Online) | Skill+ Tutors","Physics Home & Online Tutors in Kalepadal, Pune","Book a 1-on-1 Physics tutor for home visits or online tuition in Kalepadal, Pune",physics tutor kalepadal | physics teacher kalepadal pune | physics home tuition kalepadal | physics tutor kale padal | physics tutor kaleborate nagar,Kalepadal,Physics,Confirmed Physics faculty coverage for Kalepadal (1.9 km road distance from Hadapsar HQ).,"Combines Physics-specific pedagogy (Classical Mechanics: Kinematics, Laws of Motion, Work-Energy-Power, Rotational Dynamics, and Gravitation) with practical Kalepadal road-commute scheduling (6–10 mins via Kalepadal Road).",/pune/kalepadal/ | /subjects/physics/ | /pune/ | /find-tutor/,Physics & Local Operations Reviewer
/pune/kalepadal/chemistry-tutors/,subject_locality,published,"Chemistry Tutors in Kalepadal, Pune (Home & Online) | Skill+ Tutors","Chemistry Home & Online Tutors in Kalepadal, Pune","Book a 1-on-1 Chemistry tutor for home visits or online tuition in Kalepadal, Pune",chemistry tutor kalepadal | chemistry teacher kalepadal pune | chemistry home tuition kalepadal | chemistry tutor kale padal | chemistry tutor kaleborate nagar,Kalepadal,Chemistry,Confirmed Chemistry faculty coverage for Kalepadal (1.9 km road distance from Hadapsar HQ).,"Combines Chemistry-specific pedagogy (Organic Chemistry reaction mechanisms, named reactions, and GOC) with practical Kalepadal road-commute scheduling (6–10 mins via Kalepadal Road).",/pune/kalepadal/ | /subjects/chemistry/ | /pune/ | /find-tutor/,Chemistry & Local Operations Reviewer
/pune/kalepadal/maths-tutors/,subject_locality,published,"Mathematics Tutors in Kalepadal, Pune (Home & Online) | Skill+ Tutors","Mathematics Home & Online Tutors in Kalepadal, Pune","Book a 1-on-1 Mathematics tutor for home visits or online tuition in Kalepadal, Pune",mathematics tutor kalepadal | mathematics teacher kalepadal pune | mathematics home tuition kalepadal | mathematics tutor kale padal | mathematics tutor kaleborate nagar,Kalepadal,Mathematics,Confirmed Mathematics faculty coverage for Kalepadal (1.9 km road distance from Hadapsar HQ).,"Combines Mathematics-specific pedagogy (Class 8–10 Core: Linear & Quadratic Equations, Coordinate Geometry, Trigonometry, Mensuration, Triangles, Statistics & Probability) with practical Kalepadal road-commute scheduling (6–10 mins via Kalepadal Road).",/pune/kalepadal/ | /subjects/mathematics/ | /pune/ | /find-tutor/,Mathematics & Local Operations Reviewer
/pune/kalepadal/biology-tutors/,subject_locality,published,"Biology Tutors in Kalepadal, Pune (Home & Online) | Skill+ Tutors","Biology Home & Online Tutors in Kalepadal, Pune","Book a 1-on-1 Biology tutor for home visits or online tuition in Kalepadal, Pune",biology tutor kalepadal | biology teacher kalepadal pune | biology home tuition kalepadal | biology tutor kale padal | biology tutor kaleborate nagar,Kalepadal,Biology,Confirmed Biology faculty coverage for Kalepadal (1.9 km road distance from Hadapsar HQ).,"Combines Biology-specific pedagogy (Human & Plant Physiology: Digestion, Respiration, Circulation, Excretion, Neural/Chemical Coordination, Photosynthesis) with practical Kalepadal road-commute scheduling (6–10 mins via Kalepadal Road).",/pune/kalepadal/ | /subjects/biology/ | /pune/ | /find-tutor/,Biology & Local Operations Reviewer
/pune/kalepadal/science-tutors/,subject_locality,published,"Class 8–10 Science Tutors in Kalepadal, Pune (Home & Online) | Skill+ Tutors","Class 8–10 Science Home & Online Tutors in Kalepadal, Pune","Book a 1-on-1 Class 8–10 Science tutor for home visits or online tuition in Kalepadal, Pune",science tutor kalepadal | science teacher kalepadal pune | science home tuition kalepadal | science tutor kale padal | science tutor kaleborate nagar,Kalepadal,Class 8–10 Science,Confirmed Class 8–10 Science faculty coverage for Kalepadal (1.9 km road distance from Hadapsar HQ).,"Combines Class 8–10 Science-specific pedagogy (Class 10 Physics Units: Light Reflection & Refraction, Human Eye, Electricity, Magnetic Effects of Electric Current) with practical Kalepadal road-commute scheduling (6–10 mins via Kalepadal Road).",/pune/kalepadal/ | /subjects/science/ | /pune/ | /find-tutor/,Class 8–10 Science & Local Operations Reviewer
/pune/satar-nagar/maths-tutors/,subject_locality,reviewed,"Mathematics Tutors in Satar Nagar, Pune (Home & Online) | Skill+ Tutors","Mathematics Home & Online Tutors in Satar Nagar, Pune","Book a 1-on-1 Mathematics tutor for home visits or online tuition in Satar Nagar, Pune",mathematics tutor satar nagar | mathematics teacher satar nagar pune | mathematics home tuition satar nagar | mathematics tutor satarnagar hadapsar,Satar Nagar,Mathematics,Confirmed Mathematics faculty coverage for Satar Nagar (3.3 km road distance from Hadapsar HQ).,"Combines Mathematics-specific pedagogy (Class 8–10 Core: Linear & Quadratic Equations, Coordinate Geometry, Trigonometry, Mensuration, Triangles, Statistics & Probability) with practical Satar Nagar road-commute scheduling (10–15 mins via Sasane Nagar / Solapur Rd).",/pune/satar-nagar/ | /subjects/mathematics/ | /pune/ | /find-tutor/,Mathematics & Local Operations Reviewer
/pune/satar-nagar/science-tutors/,subject_locality,reviewed,"Class 8–10 Science Tutors in Satar Nagar, Pune (Home & Online) | Skill+ Tutors","Class 8–10 Science Home & Online Tutors in Satar Nagar, Pune","Book a 1-on-1 Class 8–10 Science tutor for home visits or online tuition in Satar Nagar, Pune",science tutor satar nagar | science teacher satar nagar pune | science home tuition satar nagar | science tutor satarnagar hadapsar,Satar Nagar,Class 8–10 Science,Confirmed Class 8–10 Science faculty coverage for Satar Nagar (3.3 km road distance from Hadapsar HQ).,"Combines Class 8–10 Science-specific pedagogy (Class 10 Physics Units: Light Reflection & Refraction, Human Eye, Electricity, Magnetic Effects of Electric Current) with practical Satar Nagar road-commute scheduling (10–15 mins via Sasane Nagar / Solapur Rd).",/pune/satar-nagar/ | /subjects/science/ | /pune/ | /find-tutor/,Class 8–10 Science & Local Operations Reviewer
/pune/satar-nagar/physics-tutors/,subject_locality,reviewed,"Physics Tutors in Satar Nagar, Pune (Home & Online) | Skill+ Tutors","Physics Home & Online Tutors in Satar Nagar, Pune","Book a 1-on-1 Physics tutor for home visits or online tuition in Satar Nagar, Pune",physics tutor satar nagar | physics teacher satar nagar pune | physics home tuition satar nagar | physics tutor satarnagar hadapsar,Satar Nagar,Physics,Confirmed Physics faculty coverage for Satar Nagar (3.3 km road distance from Hadapsar HQ).,"Combines Physics-specific pedagogy (Classical Mechanics: Kinematics, Laws of Motion, Work-Energy-Power, Rotational Dynamics, and Gravitation) with practical Satar Nagar road-commute scheduling (10–15 mins via Sasane Nagar / Solapur Rd).",/pune/satar-nagar/ | /subjects/physics/ | /pune/ | /find-tutor/,Physics & Local Operations Reviewer
/pune/satar-nagar/chemistry-tutors/,subject_locality,reviewed,"Chemistry Tutors in Satar Nagar, Pune (Home & Online) | Skill+ Tutors","Chemistry Home & Online Tutors in Satar Nagar, Pune","Book a 1-on-1 Chemistry tutor for home visits or online tuition in Satar Nagar, Pune",chemistry tutor satar nagar | chemistry teacher satar nagar pune | chemistry home tuition satar nagar | chemistry tutor satarnagar hadapsar,Satar Nagar,Chemistry,Confirmed Chemistry faculty coverage for Satar Nagar (3.3 km road distance from Hadapsar HQ).,"Combines Chemistry-specific pedagogy (Organic Chemistry reaction mechanisms, named reactions, and GOC) with practical Satar Nagar road-commute scheduling (10–15 mins via Sasane Nagar / Solapur Rd).",/pune/satar-nagar/ | /subjects/chemistry/ | /pune/ | /find-tutor/,Chemistry & Local Operations Reviewer
/pune/ramtekdi/maths-tutors/,subject_locality,reviewed,"Mathematics Tutors in Ramtekdi, Pune (Home & Online) | Skill+ Tutors","Mathematics Home & Online Tutors in Ramtekdi, Pune","Book a 1-on-1 Mathematics tutor for home visits or online tuition in Ramtekdi, Pune",mathematics tutor ramtekdi | mathematics teacher ramtekdi pune | mathematics home tuition ramtekdi | mathematics tutor ramtekdi hadapsar,Ramtekdi,Mathematics,Confirmed Mathematics faculty coverage for Ramtekdi (5.2 km road distance from Hadapsar HQ).,"Combines Mathematics-specific pedagogy (Class 8–10 Core: Linear & Quadratic Equations, Coordinate Geometry, Trigonometry, Mensuration, Triangles, Statistics & Probability) with practical Ramtekdi road-commute scheduling (14–20 mins along Pune-Solapur Highway).",/pune/ramtekdi/ | /subjects/mathematics/ | /pune/ | /find-tutor/,Mathematics & Local Operations Reviewer
/pune/ramtekdi/science-tutors/,subject_locality,reviewed,"Class 8–10 Science Tutors in Ramtekdi, Pune (Home & Online) | Skill+ Tutors","Class 8–10 Science Home & Online Tutors in Ramtekdi, Pune","Book a 1-on-1 Class 8–10 Science tutor for home visits or online tuition in Ramtekdi, Pune",science tutor ramtekdi | science teacher ramtekdi pune | science home tuition ramtekdi | science tutor ramtekdi hadapsar,Ramtekdi,Class 8–10 Science,Confirmed Class 8–10 Science faculty coverage for Ramtekdi (5.2 km road distance from Hadapsar HQ).,"Combines Class 8–10 Science-specific pedagogy (Class 10 Physics Units: Light Reflection & Refraction, Human Eye, Electricity, Magnetic Effects of Electric Current) with practical Ramtekdi road-commute scheduling (14–20 mins along Pune-Solapur Highway).",/pune/ramtekdi/ | /subjects/science/ | /pune/ | /find-tutor/,Class 8–10 Science & Local Operations Reviewer
/pune/ramtekdi/chemistry-tutors/,subject_locality,reviewed,"Chemistry Tutors in Ramtekdi, Pune (Home & Online) | Skill+ Tutors","Chemistry Home & Online Tutors in Ramtekdi, Pune","Book a 1-on-1 Chemistry tutor for home visits or online tuition in Ramtekdi, Pune",chemistry tutor ramtekdi | chemistry teacher ramtekdi pune | chemistry home tuition ramtekdi | chemistry tutor ramtekdi hadapsar,Ramtekdi,Chemistry,Confirmed Chemistry faculty coverage for Ramtekdi (5.2 km road distance from Hadapsar HQ).,"Combines Chemistry-specific pedagogy (Organic Chemistry reaction mechanisms, named reactions, and GOC) with practical Ramtekdi road-commute scheduling (14–20 mins along Pune-Solapur Highway).",/pune/ramtekdi/ | /subjects/chemistry/ | /pune/ | /find-tutor/,Chemistry & Local Operations Reviewer
/pune/magarpatta-city/physics-tutors/,subject_locality,published,"Physics Tutors in Magarpatta City, Pune (Home & Online) | Skill+ Tutors","Physics Home & Online Tutors in Magarpatta City, Pune","Book a 1-on-1 Physics tutor for home visits or online tuition in Magarpatta City, Pune",physics tutor magarpatta city | physics teacher magarpatta city pune | physics home tuition magarpatta city | physics tutor magarpatta | physics tutor magarpatta township,Magarpatta City,Physics,Confirmed Physics faculty coverage for Magarpatta City (5.5 km road distance from Hadapsar HQ).,"Combines Physics-specific pedagogy (Classical Mechanics: Kinematics, Laws of Motion, Work-Energy-Power, Rotational Dynamics, and Gravitation) with practical Magarpatta City road-commute scheduling (15–22 mins via Hadapsar Flyover / South Gate).",/pune/magarpatta-city/ | /subjects/physics/ | /pune/ | /find-tutor/,Physics & Local Operations Reviewer
/pune/magarpatta-city/chemistry-tutors/,subject_locality,published,"Chemistry Tutors in Magarpatta City, Pune (Home & Online) | Skill+ Tutors","Chemistry Home & Online Tutors in Magarpatta City, Pune","Book a 1-on-1 Chemistry tutor for home visits or online tuition in Magarpatta City, Pune",chemistry tutor magarpatta city | chemistry teacher magarpatta city pune | chemistry home tuition magarpatta city | chemistry tutor magarpatta | chemistry tutor magarpatta township,Magarpatta City,Chemistry,Confirmed Chemistry faculty coverage for Magarpatta City (5.5 km road distance from Hadapsar HQ).,"Combines Chemistry-specific pedagogy (Organic Chemistry reaction mechanisms, named reactions, and GOC) with practical Magarpatta City road-commute scheduling (15–22 mins via Hadapsar Flyover / South Gate).",/pune/magarpatta-city/ | /subjects/chemistry/ | /pune/ | /find-tutor/,Chemistry & Local Operations Reviewer
/pune/magarpatta-city/maths-tutors/,subject_locality,published,"Mathematics Tutors in Magarpatta City, Pune (Home & Online) | Skill+ Tutors","Mathematics Home & Online Tutors in Magarpatta City, Pune","Book a 1-on-1 Mathematics tutor for home visits or online tuition in Magarpatta City, Pune",mathematics tutor magarpatta city | mathematics teacher magarpatta city pune | mathematics home tuition magarpatta city | mathematics tutor magarpatta | mathematics tutor magarpatta township,Magarpatta City,Mathematics,Confirmed Mathematics faculty coverage for Magarpatta City (5.5 km road distance from Hadapsar HQ).,"Combines Mathematics-specific pedagogy (Class 8–10 Core: Linear & Quadratic Equations, Coordinate Geometry, Trigonometry, Mensuration, Triangles, Statistics & Probability) with practical Magarpatta City road-commute scheduling (15–22 mins via Hadapsar Flyover / South Gate).",/pune/magarpatta-city/ | /subjects/mathematics/ | /pune/ | /find-tutor/,Mathematics & Local Operations Reviewer
/pune/magarpatta-city/biology-tutors/,subject_locality,published,"Biology Tutors in Magarpatta City, Pune (Home & Online) | Skill+ Tutors","Biology Home & Online Tutors in Magarpatta City, Pune","Book a 1-on-1 Biology tutor for home visits or online tuition in Magarpatta City, Pune",biology tutor magarpatta city | biology teacher magarpatta city pune | biology home tuition magarpatta city | biology tutor magarpatta | biology tutor magarpatta township,Magarpatta City,Biology,Confirmed Biology faculty coverage for Magarpatta City (5.5 km road distance from Hadapsar HQ).,"Combines Biology-specific pedagogy (Human & Plant Physiology: Digestion, Respiration, Circulation, Excretion, Neural/Chemical Coordination, Photosynthesis) with practical Magarpatta City road-commute scheduling (15–22 mins via Hadapsar Flyover / South Gate).",/pune/magarpatta-city/ | /subjects/biology/ | /pune/ | /find-tutor/,Biology & Local Operations Reviewer
/pune/magarpatta-city/science-tutors/,subject_locality,published,"Class 8–10 Science Tutors in Magarpatta City, Pune (Home & Online) | Skill+ Tutors","Class 8–10 Science Home & Online Tutors in Magarpatta City, Pune","Book a 1-on-1 Class 8–10 Science tutor for home visits or online tuition in Magarpatta City, Pune",science tutor magarpatta city | science teacher magarpatta city pune | science home tuition magarpatta city | science tutor magarpatta | science tutor magarpatta township,Magarpatta City,Class 8–10 Science,Confirmed Class 8–10 Science faculty coverage for Magarpatta City (5.5 km road distance from Hadapsar HQ).,"Combines Class 8–10 Science-specific pedagogy (Class 10 Physics Units: Light Reflection & Refraction, Human Eye, Electricity, Magnetic Effects of Electric Current) with practical Magarpatta City road-commute scheduling (15–22 mins via Hadapsar Flyover / South Gate).",/pune/magarpatta-city/ | /subjects/science/ | /pune/ | /find-tutor/,Class 8–10 Science & Local Operations Reviewer
/pune/amanora-park-town/physics-tutors/,subject_locality,published,"Physics Tutors in Amanora Park Town, Pune (Home & Online) | Skill+ Tutors","Physics Home & Online Tutors in Amanora Park Town, Pune","Book a 1-on-1 Physics tutor for home visits or online tuition in Amanora Park Town, Pune",physics tutor amanora park town | physics teacher amanora park town pune | physics home tuition amanora park town | physics tutor amanora | physics tutor amanora township,Amanora Park Town,Physics,Confirmed Physics faculty coverage for Amanora Park Town (5.2 km road distance from Hadapsar HQ).,"Combines Physics-specific pedagogy (Classical Mechanics: Kinematics, Laws of Motion, Work-Energy-Power, Rotational Dynamics, and Gravitation) with practical Amanora Park Town road-commute scheduling (14–20 mins via Malwadi DP Road / Sade Satra Nali).",/pune/amanora-park-town/ | /subjects/physics/ | /pune/ | /find-tutor/,Physics & Local Operations Reviewer
/pune/amanora-park-town/chemistry-tutors/,subject_locality,published,"Chemistry Tutors in Amanora Park Town, Pune (Home & Online) | Skill+ Tutors","Chemistry Home & Online Tutors in Amanora Park Town, Pune","Book a 1-on-1 Chemistry tutor for home visits or online tuition in Amanora Park Town, Pune",chemistry tutor amanora park town | chemistry teacher amanora park town pune | chemistry home tuition amanora park town | chemistry tutor amanora | chemistry tutor amanora township,Amanora Park Town,Chemistry,Confirmed Chemistry faculty coverage for Amanora Park Town (5.2 km road distance from Hadapsar HQ).,"Combines Chemistry-specific pedagogy (Organic Chemistry reaction mechanisms, named reactions, and GOC) with practical Amanora Park Town road-commute scheduling (14–20 mins via Malwadi DP Road / Sade Satra Nali).",/pune/amanora-park-town/ | /subjects/chemistry/ | /pune/ | /find-tutor/,Chemistry & Local Operations Reviewer
/pune/amanora-park-town/maths-tutors/,subject_locality,published,"Mathematics Tutors in Amanora Park Town, Pune (Home & Online) | Skill+ Tutors","Mathematics Home & Online Tutors in Amanora Park Town, Pune","Book a 1-on-1 Mathematics tutor for home visits or online tuition in Amanora Park Town, Pune",mathematics tutor amanora park town | mathematics teacher amanora park town pune | mathematics home tuition amanora park town | mathematics tutor amanora | mathematics tutor amanora township,Amanora Park Town,Mathematics,Confirmed Mathematics faculty coverage for Amanora Park Town (5.2 km road distance from Hadapsar HQ).,"Combines Mathematics-specific pedagogy (Class 8–10 Core: Linear & Quadratic Equations, Coordinate Geometry, Trigonometry, Mensuration, Triangles, Statistics & Probability) with practical Amanora Park Town road-commute scheduling (14–20 mins via Malwadi DP Road / Sade Satra Nali).",/pune/amanora-park-town/ | /subjects/mathematics/ | /pune/ | /find-tutor/,Mathematics & Local Operations Reviewer
/pune/amanora-park-town/biology-tutors/,subject_locality,published,"Biology Tutors in Amanora Park Town, Pune (Home & Online) | Skill+ Tutors","Biology Home & Online Tutors in Amanora Park Town, Pune","Book a 1-on-1 Biology tutor for home visits or online tuition in Amanora Park Town, Pune",biology tutor amanora park town | biology teacher amanora park town pune | biology home tuition amanora park town | biology tutor amanora | biology tutor amanora township,Amanora Park Town,Biology,Confirmed Biology faculty coverage for Amanora Park Town (5.2 km road distance from Hadapsar HQ).,"Combines Biology-specific pedagogy (Human & Plant Physiology: Digestion, Respiration, Circulation, Excretion, Neural/Chemical Coordination, Photosynthesis) with practical Amanora Park Town road-commute scheduling (14–20 mins via Malwadi DP Road / Sade Satra Nali).",/pune/amanora-park-town/ | /subjects/biology/ | /pune/ | /find-tutor/,Biology & Local Operations Reviewer
/pune/amanora-park-town/science-tutors/,subject_locality,published,"Class 8–10 Science Tutors in Amanora Park Town, Pune (Home & Online) | Skill+ Tutors","Class 8–10 Science Home & Online Tutors in Amanora Park Town, Pune","Book a 1-on-1 Class 8–10 Science tutor for home visits or online tuition in Amanora Park Town, Pune",science tutor amanora park town | science teacher amanora park town pune | science home tuition amanora park town | science tutor amanora | science tutor amanora township,Amanora Park Town,Class 8–10 Science,Confirmed Class 8–10 Science faculty coverage for Amanora Park Town (5.2 km road distance from Hadapsar HQ).,"Combines Class 8–10 Science-specific pedagogy (Class 10 Physics Units: Light Reflection & Refraction, Human Eye, Electricity, Magnetic Effects of Electric Current) with practical Amanora Park Town road-commute scheduling (14–20 mins via Malwadi DP Road / Sade Satra Nali).",/pune/amanora-park-town/ | /subjects/science/ | /pune/ | /find-tutor/,Class 8–10 Science & Local Operations Reviewer
/pune/sade-satra-nali/physics-tutors/,subject_locality,published,"Physics Tutors in Sade Satra Nali, Pune (Home & Online) | Skill+ Tutors","Physics Home & Online Tutors in Sade Satra Nali, Pune","Book a 1-on-1 Physics tutor for home visits or online tuition in Sade Satra Nali, Pune",physics tutor sade satra nali | physics teacher sade satra nali pune | physics home tuition sade satra nali | physics tutor sadesatranali | physics tutor sade satra nali hadapsar,Sade Satra Nali,Physics,Confirmed Physics faculty coverage for Sade Satra Nali (3.9 km road distance from Hadapsar HQ).,"Combines Physics-specific pedagogy (Classical Mechanics: Kinematics, Laws of Motion, Work-Energy-Power, Rotational Dynamics, and Gravitation) with practical Sade Satra Nali road-commute scheduling (11–16 mins via Malwadi / Amanora Link Road).",/pune/sade-satra-nali/ | /subjects/physics/ | /pune/ | /find-tutor/,Physics & Local Operations Reviewer
/pune/sade-satra-nali/chemistry-tutors/,subject_locality,published,"Chemistry Tutors in Sade Satra Nali, Pune (Home & Online) | Skill+ Tutors","Chemistry Home & Online Tutors in Sade Satra Nali, Pune","Book a 1-on-1 Chemistry tutor for home visits or online tuition in Sade Satra Nali, Pune",chemistry tutor sade satra nali | chemistry teacher sade satra nali pune | chemistry home tuition sade satra nali | chemistry tutor sadesatranali | chemistry tutor sade satra nali hadapsar,Sade Satra Nali,Chemistry,Confirmed Chemistry faculty coverage for Sade Satra Nali (3.9 km road distance from Hadapsar HQ).,"Combines Chemistry-specific pedagogy (Organic Chemistry reaction mechanisms, named reactions, and GOC) with practical Sade Satra Nali road-commute scheduling (11–16 mins via Malwadi / Amanora Link Road).",/pune/sade-satra-nali/ | /subjects/chemistry/ | /pune/ | /find-tutor/,Chemistry & Local Operations Reviewer
/pune/sade-satra-nali/maths-tutors/,subject_locality,published,"Mathematics Tutors in Sade Satra Nali, Pune (Home & Online) | Skill+ Tutors","Mathematics Home & Online Tutors in Sade Satra Nali, Pune","Book a 1-on-1 Mathematics tutor for home visits or online tuition in Sade Satra Nali, Pune",mathematics tutor sade satra nali | mathematics teacher sade satra nali pune | mathematics home tuition sade satra nali | mathematics tutor sadesatranali | mathematics tutor sade satra nali hadapsar,Sade Satra Nali,Mathematics,Confirmed Mathematics faculty coverage for Sade Satra Nali (3.9 km road distance from Hadapsar HQ).,"Combines Mathematics-specific pedagogy (Class 8–10 Core: Linear & Quadratic Equations, Coordinate Geometry, Trigonometry, Mensuration, Triangles, Statistics & Probability) with practical Sade Satra Nali road-commute scheduling (11–16 mins via Malwadi / Amanora Link Road).",/pune/sade-satra-nali/ | /subjects/mathematics/ | /pune/ | /find-tutor/,Mathematics & Local Operations Reviewer
/pune/sade-satra-nali/biology-tutors/,subject_locality,published,"Biology Tutors in Sade Satra Nali, Pune (Home & Online) | Skill+ Tutors","Biology Home & Online Tutors in Sade Satra Nali, Pune","Book a 1-on-1 Biology tutor for home visits or online tuition in Sade Satra Nali, Pune",biology tutor sade satra nali | biology teacher sade satra nali pune | biology home tuition sade satra nali | biology tutor sadesatranali | biology tutor sade satra nali hadapsar,Sade Satra Nali,Biology,Confirmed Biology faculty coverage for Sade Satra Nali (3.9 km road distance from Hadapsar HQ).,"Combines Biology-specific pedagogy (Human & Plant Physiology: Digestion, Respiration, Circulation, Excretion, Neural/Chemical Coordination, Photosynthesis) with practical Sade Satra Nali road-commute scheduling (11–16 mins via Malwadi / Amanora Link Road).",/pune/sade-satra-nali/ | /subjects/biology/ | /pune/ | /find-tutor/,Biology & Local Operations Reviewer
/pune/sade-satra-nali/science-tutors/,subject_locality,published,"Class 8–10 Science Tutors in Sade Satra Nali, Pune (Home & Online) | Skill+ Tutors","Class 8–10 Science Home & Online Tutors in Sade Satra Nali, Pune","Book a 1-on-1 Class 8–10 Science tutor for home visits or online tuition in Sade Satra Nali, Pune",science tutor sade satra nali | science teacher sade satra nali pune | science home tuition sade satra nali | science tutor sadesatranali | science tutor sade satra nali hadapsar,Sade Satra Nali,Class 8–10 Science,Confirmed Class 8–10 Science faculty coverage for Sade Satra Nali (3.9 km road distance from Hadapsar HQ).,"Combines Class 8–10 Science-specific pedagogy (Class 10 Physics Units: Light Reflection & Refraction, Human Eye, Electricity, Magnetic Effects of Electric Current) with practical Sade Satra Nali road-commute scheduling (11–16 mins via Malwadi / Amanora Link Road).",/pune/sade-satra-nali/ | /subjects/science/ | /pune/ | /find-tutor/,Class 8–10 Science & Local Operations Reviewer
/pune/mundhwa/physics-tutors/,subject_locality,published,"Physics Tutors in Mundhwa, Pune (Home & Online) | Skill+ Tutors","Physics Home & Online Tutors in Mundhwa, Pune","Book a 1-on-1 Physics tutor for home visits or online tuition in Mundhwa, Pune",physics tutor mundhwa | physics teacher mundhwa pune | physics home tuition mundhwa | physics tutor mundhwa pune | physics tutor kodre nagar mundhwa,Mundhwa,Physics,Confirmed Physics faculty coverage for Mundhwa (7.4 km road distance from Hadapsar HQ).,"Combines Physics-specific pedagogy (Classical Mechanics: Kinematics, Laws of Motion, Work-Energy-Power, Rotational Dynamics, and Gravitation) with practical Mundhwa road-commute scheduling (20–28 mins via Magarpatta-Mundhwa Road).",/pune/mundhwa/ | /subjects/physics/ | /pune/ | /find-tutor/,Physics & Local Operations Reviewer
/pune/mundhwa/chemistry-tutors/,subject_locality,published,"Chemistry Tutors in Mundhwa, Pune (Home & Online) | Skill+ Tutors","Chemistry Home & Online Tutors in Mundhwa, Pune","Book a 1-on-1 Chemistry tutor for home visits or online tuition in Mundhwa, Pune",chemistry tutor mundhwa | chemistry teacher mundhwa pune | chemistry home tuition mundhwa | chemistry tutor mundhwa pune | chemistry tutor kodre nagar mundhwa,Mundhwa,Chemistry,Confirmed Chemistry faculty coverage for Mundhwa (7.4 km road distance from Hadapsar HQ).,"Combines Chemistry-specific pedagogy (Organic Chemistry reaction mechanisms, named reactions, and GOC) with practical Mundhwa road-commute scheduling (20–28 mins via Magarpatta-Mundhwa Road).",/pune/mundhwa/ | /subjects/chemistry/ | /pune/ | /find-tutor/,Chemistry & Local Operations Reviewer
/pune/mundhwa/maths-tutors/,subject_locality,published,"Mathematics Tutors in Mundhwa, Pune (Home & Online) | Skill+ Tutors","Mathematics Home & Online Tutors in Mundhwa, Pune","Book a 1-on-1 Mathematics tutor for home visits or online tuition in Mundhwa, Pune",mathematics tutor mundhwa | mathematics teacher mundhwa pune | mathematics home tuition mundhwa | mathematics tutor mundhwa pune | mathematics tutor kodre nagar mundhwa,Mundhwa,Mathematics,Confirmed Mathematics faculty coverage for Mundhwa (7.4 km road distance from Hadapsar HQ).,"Combines Mathematics-specific pedagogy (Class 8–10 Core: Linear & Quadratic Equations, Coordinate Geometry, Trigonometry, Mensuration, Triangles, Statistics & Probability) with practical Mundhwa road-commute scheduling (20–28 mins via Magarpatta-Mundhwa Road).",/pune/mundhwa/ | /subjects/mathematics/ | /pune/ | /find-tutor/,Mathematics & Local Operations Reviewer
/pune/mundhwa/biology-tutors/,subject_locality,published,"Biology Tutors in Mundhwa, Pune (Home & Online) | Skill+ Tutors","Biology Home & Online Tutors in Mundhwa, Pune","Book a 1-on-1 Biology tutor for home visits or online tuition in Mundhwa, Pune",biology tutor mundhwa | biology teacher mundhwa pune | biology home tuition mundhwa | biology tutor mundhwa pune | biology tutor kodre nagar mundhwa,Mundhwa,Biology,Confirmed Biology faculty coverage for Mundhwa (7.4 km road distance from Hadapsar HQ).,"Combines Biology-specific pedagogy (Human & Plant Physiology: Digestion, Respiration, Circulation, Excretion, Neural/Chemical Coordination, Photosynthesis) with practical Mundhwa road-commute scheduling (20–28 mins via Magarpatta-Mundhwa Road).",/pune/mundhwa/ | /subjects/biology/ | /pune/ | /find-tutor/,Biology & Local Operations Reviewer
/pune/mundhwa/science-tutors/,subject_locality,published,"Class 8–10 Science Tutors in Mundhwa, Pune (Home & Online) | Skill+ Tutors","Class 8–10 Science Home & Online Tutors in Mundhwa, Pune","Book a 1-on-1 Class 8–10 Science tutor for home visits or online tuition in Mundhwa, Pune",science tutor mundhwa | science teacher mundhwa pune | science home tuition mundhwa | science tutor mundhwa pune | science tutor kodre nagar mundhwa,Mundhwa,Class 8–10 Science,Confirmed Class 8–10 Science faculty coverage for Mundhwa (7.4 km road distance from Hadapsar HQ).,"Combines Class 8–10 Science-specific pedagogy (Class 10 Physics Units: Light Reflection & Refraction, Human Eye, Electricity, Magnetic Effects of Electric Current) with practical Mundhwa road-commute scheduling (20–28 mins via Magarpatta-Mundhwa Road).",/pune/mundhwa/ | /subjects/science/ | /pune/ | /find-tutor/,Class 8–10 Science & Local Operations Reviewer
/pune/keshav-nagar/physics-tutors/,subject_locality,published,"Physics Tutors in Keshav Nagar, Pune (Home & Online) | Skill+ Tutors","Physics Home & Online Tutors in Keshav Nagar, Pune","Book a 1-on-1 Physics tutor for home visits or online tuition in Keshav Nagar, Pune",physics tutor keshav nagar | physics teacher keshav nagar pune | physics home tuition keshav nagar | physics tutor keshavnagar mundhwa,Keshav Nagar,Physics,Confirmed Physics faculty coverage for Keshav Nagar (7.8 km road distance from Hadapsar HQ).,"Combines Physics-specific pedagogy (Classical Mechanics: Kinematics, Laws of Motion, Work-Energy-Power, Rotational Dynamics, and Gravitation) with practical Keshav Nagar road-commute scheduling (22–30 mins via Amanora / Manjari-Mundhwa Link).",/pune/keshav-nagar/ | /subjects/physics/ | /pune/ | /find-tutor/,Physics & Local Operations Reviewer
/pune/keshav-nagar/chemistry-tutors/,subject_locality,published,"Chemistry Tutors in Keshav Nagar, Pune (Home & Online) | Skill+ Tutors","Chemistry Home & Online Tutors in Keshav Nagar, Pune","Book a 1-on-1 Chemistry tutor for home visits or online tuition in Keshav Nagar, Pune",chemistry tutor keshav nagar | chemistry teacher keshav nagar pune | chemistry home tuition keshav nagar | chemistry tutor keshavnagar mundhwa,Keshav Nagar,Chemistry,Confirmed Chemistry faculty coverage for Keshav Nagar (7.8 km road distance from Hadapsar HQ).,"Combines Chemistry-specific pedagogy (Organic Chemistry reaction mechanisms, named reactions, and GOC) with practical Keshav Nagar road-commute scheduling (22–30 mins via Amanora / Manjari-Mundhwa Link).",/pune/keshav-nagar/ | /subjects/chemistry/ | /pune/ | /find-tutor/,Chemistry & Local Operations Reviewer
/pune/keshav-nagar/maths-tutors/,subject_locality,published,"Mathematics Tutors in Keshav Nagar, Pune (Home & Online) | Skill+ Tutors","Mathematics Home & Online Tutors in Keshav Nagar, Pune","Book a 1-on-1 Mathematics tutor for home visits or online tuition in Keshav Nagar, Pune",mathematics tutor keshav nagar | mathematics teacher keshav nagar pune | mathematics home tuition keshav nagar | mathematics tutor keshavnagar mundhwa,Keshav Nagar,Mathematics,Confirmed Mathematics faculty coverage for Keshav Nagar (7.8 km road distance from Hadapsar HQ).,"Combines Mathematics-specific pedagogy (Class 8–10 Core: Linear & Quadratic Equations, Coordinate Geometry, Trigonometry, Mensuration, Triangles, Statistics & Probability) with practical Keshav Nagar road-commute scheduling (22–30 mins via Amanora / Manjari-Mundhwa Link).",/pune/keshav-nagar/ | /subjects/mathematics/ | /pune/ | /find-tutor/,Mathematics & Local Operations Reviewer
/pune/keshav-nagar/biology-tutors/,subject_locality,published,"Biology Tutors in Keshav Nagar, Pune (Home & Online) | Skill+ Tutors","Biology Home & Online Tutors in Keshav Nagar, Pune","Book a 1-on-1 Biology tutor for home visits or online tuition in Keshav Nagar, Pune",biology tutor keshav nagar | biology teacher keshav nagar pune | biology home tuition keshav nagar | biology tutor keshavnagar mundhwa,Keshav Nagar,Biology,Confirmed Biology faculty coverage for Keshav Nagar (7.8 km road distance from Hadapsar HQ).,"Combines Biology-specific pedagogy (Human & Plant Physiology: Digestion, Respiration, Circulation, Excretion, Neural/Chemical Coordination, Photosynthesis) with practical Keshav Nagar road-commute scheduling (22–30 mins via Amanora / Manjari-Mundhwa Link).",/pune/keshav-nagar/ | /subjects/biology/ | /pune/ | /find-tutor/,Biology & Local Operations Reviewer
/pune/keshav-nagar/science-tutors/,subject_locality,published,"Class 8–10 Science Tutors in Keshav Nagar, Pune (Home & Online) | Skill+ Tutors","Class 8–10 Science Home & Online Tutors in Keshav Nagar, Pune","Book a 1-on-1 Class 8–10 Science tutor for home visits or online tuition in Keshav Nagar, Pune",science tutor keshav nagar | science teacher keshav nagar pune | science home tuition keshav nagar | science tutor keshavnagar mundhwa,Keshav Nagar,Class 8–10 Science,Confirmed Class 8–10 Science faculty coverage for Keshav Nagar (7.8 km road distance from Hadapsar HQ).,"Combines Class 8–10 Science-specific pedagogy (Class 10 Physics Units: Light Reflection & Refraction, Human Eye, Electricity, Magnetic Effects of Electric Current) with practical Keshav Nagar road-commute scheduling (22–30 mins via Amanora / Manjari-Mundhwa Link).",/pune/keshav-nagar/ | /subjects/science/ | /pune/ | /find-tutor/,Class 8–10 Science & Local Operations Reviewer
/pune/kharadi/physics-tutors/,subject_locality,reviewed,"Physics Tutors in Kharadi, Pune (Home & Online) | Skill+ Tutors","Physics Home & Online Tutors in Kharadi, Pune","Book a 1-on-1 Physics tutor for home visits or online tuition in Kharadi, Pune",physics tutor kharadi | physics teacher kharadi pune | physics home tuition kharadi | physics tutor south kharadi | physics tutor kharadi bypass | physics tutor eon kharadi fringe,Kharadi,Physics,Confirmed Physics faculty coverage for Kharadi (9.8 km road distance from Hadapsar HQ).,"Combines Physics-specific pedagogy (Classical Mechanics: Kinematics, Laws of Motion, Work-Energy-Power, Rotational Dynamics, and Gravitation) with practical Kharadi road-commute scheduling (28–40 mins across Mundhwa River Bridge).",/pune/kharadi/ | /subjects/physics/ | /pune/ | /find-tutor/,Physics & Local Operations Reviewer
/pune/kharadi/chemistry-tutors/,subject_locality,reviewed,"Chemistry Tutors in Kharadi, Pune (Home & Online) | Skill+ Tutors","Chemistry Home & Online Tutors in Kharadi, Pune","Book a 1-on-1 Chemistry tutor for home visits or online tuition in Kharadi, Pune",chemistry tutor kharadi | chemistry teacher kharadi pune | chemistry home tuition kharadi | chemistry tutor south kharadi | chemistry tutor kharadi bypass | chemistry tutor eon kharadi fringe,Kharadi,Chemistry,Confirmed Chemistry faculty coverage for Kharadi (9.8 km road distance from Hadapsar HQ).,"Combines Chemistry-specific pedagogy (Organic Chemistry reaction mechanisms, named reactions, and GOC) with practical Kharadi road-commute scheduling (28–40 mins across Mundhwa River Bridge).",/pune/kharadi/ | /subjects/chemistry/ | /pune/ | /find-tutor/,Chemistry & Local Operations Reviewer
/pune/kharadi/maths-tutors/,subject_locality,reviewed,"Mathematics Tutors in Kharadi, Pune (Home & Online) | Skill+ Tutors","Mathematics Home & Online Tutors in Kharadi, Pune","Book a 1-on-1 Mathematics tutor for home visits or online tuition in Kharadi, Pune",mathematics tutor kharadi | mathematics teacher kharadi pune | mathematics home tuition kharadi | mathematics tutor south kharadi | mathematics tutor kharadi bypass | mathematics tutor eon kharadi fringe,Kharadi,Mathematics,Confirmed Mathematics faculty coverage for Kharadi (9.8 km road distance from Hadapsar HQ).,"Combines Mathematics-specific pedagogy (Class 8–10 Core: Linear & Quadratic Equations, Coordinate Geometry, Trigonometry, Mensuration, Triangles, Statistics & Probability) with practical Kharadi road-commute scheduling (28–40 mins across Mundhwa River Bridge).",/pune/kharadi/ | /subjects/mathematics/ | /pune/ | /find-tutor/,Mathematics & Local Operations Reviewer
/pune/kharadi/biology-tutors/,subject_locality,reviewed,"Biology Tutors in Kharadi, Pune (Home & Online) | Skill+ Tutors","Biology Home & Online Tutors in Kharadi, Pune","Book a 1-on-1 Biology tutor for home visits or online tuition in Kharadi, Pune",biology tutor kharadi | biology teacher kharadi pune | biology home tuition kharadi | biology tutor south kharadi | biology tutor kharadi bypass | biology tutor eon kharadi fringe,Kharadi,Biology,Confirmed Biology faculty coverage for Kharadi (9.8 km road distance from Hadapsar HQ).,"Combines Biology-specific pedagogy (Human & Plant Physiology: Digestion, Respiration, Circulation, Excretion, Neural/Chemical Coordination, Photosynthesis) with practical Kharadi road-commute scheduling (28–40 mins across Mundhwa River Bridge).",/pune/kharadi/ | /subjects/biology/ | /pune/ | /find-tutor/,Biology & Local Operations Reviewer
/pune/wanowrie/physics-tutors/,subject_locality,published,"Physics Tutors in Wanowrie, Pune (Home & Online) | Skill+ Tutors","Physics Home & Online Tutors in Wanowrie, Pune","Book a 1-on-1 Physics tutor for home visits or online tuition in Wanowrie, Pune",physics tutor wanowrie | physics teacher wanowrie pune | physics home tuition wanowrie | physics tutor wanwadi | physics tutor wanowrie pune,Wanowrie,Physics,Confirmed Physics faculty coverage for Wanowrie (6.8 km road distance from Hadapsar HQ).,"Combines Physics-specific pedagogy (Classical Mechanics: Kinematics, Laws of Motion, Work-Energy-Power, Rotational Dynamics, and Gravitation) with practical Wanowrie road-commute scheduling (18–25 mins via Fatima Nagar / Solapur Highway).",/pune/wanowrie/ | /subjects/physics/ | /pune/ | /find-tutor/,Physics & Local Operations Reviewer
/pune/wanowrie/chemistry-tutors/,subject_locality,published,"Chemistry Tutors in Wanowrie, Pune (Home & Online) | Skill+ Tutors","Chemistry Home & Online Tutors in Wanowrie, Pune","Book a 1-on-1 Chemistry tutor for home visits or online tuition in Wanowrie, Pune",chemistry tutor wanowrie | chemistry teacher wanowrie pune | chemistry home tuition wanowrie | chemistry tutor wanwadi | chemistry tutor wanowrie pune,Wanowrie,Chemistry,Confirmed Chemistry faculty coverage for Wanowrie (6.8 km road distance from Hadapsar HQ).,"Combines Chemistry-specific pedagogy (Organic Chemistry reaction mechanisms, named reactions, and GOC) with practical Wanowrie road-commute scheduling (18–25 mins via Fatima Nagar / Solapur Highway).",/pune/wanowrie/ | /subjects/chemistry/ | /pune/ | /find-tutor/,Chemistry & Local Operations Reviewer
/pune/wanowrie/maths-tutors/,subject_locality,published,"Mathematics Tutors in Wanowrie, Pune (Home & Online) | Skill+ Tutors","Mathematics Home & Online Tutors in Wanowrie, Pune","Book a 1-on-1 Mathematics tutor for home visits or online tuition in Wanowrie, Pune",mathematics tutor wanowrie | mathematics teacher wanowrie pune | mathematics home tuition wanowrie | mathematics tutor wanwadi | mathematics tutor wanowrie pune,Wanowrie,Mathematics,Confirmed Mathematics faculty coverage for Wanowrie (6.8 km road distance from Hadapsar HQ).,"Combines Mathematics-specific pedagogy (Class 8–10 Core: Linear & Quadratic Equations, Coordinate Geometry, Trigonometry, Mensuration, Triangles, Statistics & Probability) with practical Wanowrie road-commute scheduling (18–25 mins via Fatima Nagar / Solapur Highway).",/pune/wanowrie/ | /subjects/mathematics/ | /pune/ | /find-tutor/,Mathematics & Local Operations Reviewer
/pune/wanowrie/biology-tutors/,subject_locality,published,"Biology Tutors in Wanowrie, Pune (Home & Online) | Skill+ Tutors","Biology Home & Online Tutors in Wanowrie, Pune","Book a 1-on-1 Biology tutor for home visits or online tuition in Wanowrie, Pune",biology tutor wanowrie | biology teacher wanowrie pune | biology home tuition wanowrie | biology tutor wanwadi | biology tutor wanowrie pune,Wanowrie,Biology,Confirmed Biology faculty coverage for Wanowrie (6.8 km road distance from Hadapsar HQ).,"Combines Biology-specific pedagogy (Human & Plant Physiology: Digestion, Respiration, Circulation, Excretion, Neural/Chemical Coordination, Photosynthesis) with practical Wanowrie road-commute scheduling (18–25 mins via Fatima Nagar / Solapur Highway).",/pune/wanowrie/ | /subjects/biology/ | /pune/ | /find-tutor/,Biology & Local Operations Reviewer
/pune/wanowrie/science-tutors/,subject_locality,published,"Class 8–10 Science Tutors in Wanowrie, Pune (Home & Online) | Skill+ Tutors","Class 8–10 Science Home & Online Tutors in Wanowrie, Pune","Book a 1-on-1 Class 8–10 Science tutor for home visits or online tuition in Wanowrie, Pune",science tutor wanowrie | science teacher wanowrie pune | science home tuition wanowrie | science tutor wanwadi | science tutor wanowrie pune,Wanowrie,Class 8–10 Science,Confirmed Class 8–10 Science faculty coverage for Wanowrie (6.8 km road distance from Hadapsar HQ).,"Combines Class 8–10 Science-specific pedagogy (Class 10 Physics Units: Light Reflection & Refraction, Human Eye, Electricity, Magnetic Effects of Electric Current) with practical Wanowrie road-commute scheduling (18–25 mins via Fatima Nagar / Solapur Highway).",/pune/wanowrie/ | /subjects/science/ | /pune/ | /find-tutor/,Class 8–10 Science & Local Operations Reviewer
/pune/fatima-nagar/physics-tutors/,subject_locality,published,"Physics Tutors in Fatima Nagar, Pune (Home & Online) | Skill+ Tutors","Physics Home & Online Tutors in Fatima Nagar, Pune","Book a 1-on-1 Physics tutor for home visits or online tuition in Fatima Nagar, Pune",physics tutor fatima nagar | physics teacher fatima nagar pune | physics home tuition fatima nagar | physics tutor fatimanagar | physics tutor fatima nagar wanowrie,Fatima Nagar,Physics,Confirmed Physics faculty coverage for Fatima Nagar (6.5 km road distance from Hadapsar HQ).,"Combines Physics-specific pedagogy (Classical Mechanics: Kinematics, Laws of Motion, Work-Energy-Power, Rotational Dynamics, and Gravitation) with practical Fatima Nagar road-commute scheduling (16–22 mins direct on Pune-Solapur Road).",/pune/fatima-nagar/ | /subjects/physics/ | /pune/ | /find-tutor/,Physics & Local Operations Reviewer
/pune/fatima-nagar/chemistry-tutors/,subject_locality,published,"Chemistry Tutors in Fatima Nagar, Pune (Home & Online) | Skill+ Tutors","Chemistry Home & Online Tutors in Fatima Nagar, Pune","Book a 1-on-1 Chemistry tutor for home visits or online tuition in Fatima Nagar, Pune",chemistry tutor fatima nagar | chemistry teacher fatima nagar pune | chemistry home tuition fatima nagar | chemistry tutor fatimanagar | chemistry tutor fatima nagar wanowrie,Fatima Nagar,Chemistry,Confirmed Chemistry faculty coverage for Fatima Nagar (6.5 km road distance from Hadapsar HQ).,"Combines Chemistry-specific pedagogy (Organic Chemistry reaction mechanisms, named reactions, and GOC) with practical Fatima Nagar road-commute scheduling (16–22 mins direct on Pune-Solapur Road).",/pune/fatima-nagar/ | /subjects/chemistry/ | /pune/ | /find-tutor/,Chemistry & Local Operations Reviewer
/pune/fatima-nagar/maths-tutors/,subject_locality,published,"Mathematics Tutors in Fatima Nagar, Pune (Home & Online) | Skill+ Tutors","Mathematics Home & Online Tutors in Fatima Nagar, Pune","Book a 1-on-1 Mathematics tutor for home visits or online tuition in Fatima Nagar, Pune",mathematics tutor fatima nagar | mathematics teacher fatima nagar pune | mathematics home tuition fatima nagar | mathematics tutor fatimanagar | mathematics tutor fatima nagar wanowrie,Fatima Nagar,Mathematics,Confirmed Mathematics faculty coverage for Fatima Nagar (6.5 km road distance from Hadapsar HQ).,"Combines Mathematics-specific pedagogy (Class 8–10 Core: Linear & Quadratic Equations, Coordinate Geometry, Trigonometry, Mensuration, Triangles, Statistics & Probability) with practical Fatima Nagar road-commute scheduling (16–22 mins direct on Pune-Solapur Road).",/pune/fatima-nagar/ | /subjects/mathematics/ | /pune/ | /find-tutor/,Mathematics & Local Operations Reviewer
/pune/fatima-nagar/biology-tutors/,subject_locality,published,"Biology Tutors in Fatima Nagar, Pune (Home & Online) | Skill+ Tutors","Biology Home & Online Tutors in Fatima Nagar, Pune","Book a 1-on-1 Biology tutor for home visits or online tuition in Fatima Nagar, Pune",biology tutor fatima nagar | biology teacher fatima nagar pune | biology home tuition fatima nagar | biology tutor fatimanagar | biology tutor fatima nagar wanowrie,Fatima Nagar,Biology,Confirmed Biology faculty coverage for Fatima Nagar (6.5 km road distance from Hadapsar HQ).,"Combines Biology-specific pedagogy (Human & Plant Physiology: Digestion, Respiration, Circulation, Excretion, Neural/Chemical Coordination, Photosynthesis) with practical Fatima Nagar road-commute scheduling (16–22 mins direct on Pune-Solapur Road).",/pune/fatima-nagar/ | /subjects/biology/ | /pune/ | /find-tutor/,Biology & Local Operations Reviewer
/pune/fatima-nagar/science-tutors/,subject_locality,published,"Class 8–10 Science Tutors in Fatima Nagar, Pune (Home & Online) | Skill+ Tutors","Class 8–10 Science Home & Online Tutors in Fatima Nagar, Pune","Book a 1-on-1 Class 8–10 Science tutor for home visits or online tuition in Fatima Nagar, Pune",science tutor fatima nagar | science teacher fatima nagar pune | science home tuition fatima nagar | science tutor fatimanagar | science tutor fatima nagar wanowrie,Fatima Nagar,Class 8–10 Science,Confirmed Class 8–10 Science faculty coverage for Fatima Nagar (6.5 km road distance from Hadapsar HQ).,"Combines Class 8–10 Science-specific pedagogy (Class 10 Physics Units: Light Reflection & Refraction, Human Eye, Electricity, Magnetic Effects of Electric Current) with practical Fatima Nagar road-commute scheduling (16–22 mins direct on Pune-Solapur Road).",/pune/fatima-nagar/ | /subjects/science/ | /pune/ | /find-tutor/,Class 8–10 Science & Local Operations Reviewer
/pune/nibm-road/physics-tutors/,subject_locality,published,"Physics Tutors in NIBM Road, Pune (Home & Online) | Skill+ Tutors","Physics Home & Online Tutors in NIBM Road, Pune","Book a 1-on-1 Physics tutor for home visits or online tuition in NIBM Road, Pune",physics tutor nibm road | physics teacher nibm road pune | physics home tuition nibm road | physics tutor nibm | physics tutor nibm annexe,NIBM Road,Physics,Confirmed Physics faculty coverage for NIBM Road (7.3 km road distance from Hadapsar HQ).,"Combines Physics-specific pedagogy (Classical Mechanics: Kinematics, Laws of Motion, Work-Energy-Power, Rotational Dynamics, and Gravitation) with practical NIBM Road road-commute scheduling (20–26 mins via Mohammadwadi / Kalepadal Link).",/pune/nibm-road/ | /subjects/physics/ | /pune/ | /find-tutor/,Physics & Local Operations Reviewer
/pune/nibm-road/chemistry-tutors/,subject_locality,published,"Chemistry Tutors in NIBM Road, Pune (Home & Online) | Skill+ Tutors","Chemistry Home & Online Tutors in NIBM Road, Pune","Book a 1-on-1 Chemistry tutor for home visits or online tuition in NIBM Road, Pune",chemistry tutor nibm road | chemistry teacher nibm road pune | chemistry home tuition nibm road | chemistry tutor nibm | chemistry tutor nibm annexe,NIBM Road,Chemistry,Confirmed Chemistry faculty coverage for NIBM Road (7.3 km road distance from Hadapsar HQ).,"Combines Chemistry-specific pedagogy (Organic Chemistry reaction mechanisms, named reactions, and GOC) with practical NIBM Road road-commute scheduling (20–26 mins via Mohammadwadi / Kalepadal Link).",/pune/nibm-road/ | /subjects/chemistry/ | /pune/ | /find-tutor/,Chemistry & Local Operations Reviewer
/pune/nibm-road/maths-tutors/,subject_locality,published,"Mathematics Tutors in NIBM Road, Pune (Home & Online) | Skill+ Tutors","Mathematics Home & Online Tutors in NIBM Road, Pune","Book a 1-on-1 Mathematics tutor for home visits or online tuition in NIBM Road, Pune",mathematics tutor nibm road | mathematics teacher nibm road pune | mathematics home tuition nibm road | mathematics tutor nibm | mathematics tutor nibm annexe,NIBM Road,Mathematics,Confirmed Mathematics faculty coverage for NIBM Road (7.3 km road distance from Hadapsar HQ).,"Combines Mathematics-specific pedagogy (Class 8–10 Core: Linear & Quadratic Equations, Coordinate Geometry, Trigonometry, Mensuration, Triangles, Statistics & Probability) with practical NIBM Road road-commute scheduling (20–26 mins via Mohammadwadi / Kalepadal Link).",/pune/nibm-road/ | /subjects/mathematics/ | /pune/ | /find-tutor/,Mathematics & Local Operations Reviewer
/pune/nibm-road/biology-tutors/,subject_locality,published,"Biology Tutors in NIBM Road, Pune (Home & Online) | Skill+ Tutors","Biology Home & Online Tutors in NIBM Road, Pune","Book a 1-on-1 Biology tutor for home visits or online tuition in NIBM Road, Pune",biology tutor nibm road | biology teacher nibm road pune | biology home tuition nibm road | biology tutor nibm | biology tutor nibm annexe,NIBM Road,Biology,Confirmed Biology faculty coverage for NIBM Road (7.3 km road distance from Hadapsar HQ).,"Combines Biology-specific pedagogy (Human & Plant Physiology: Digestion, Respiration, Circulation, Excretion, Neural/Chemical Coordination, Photosynthesis) with practical NIBM Road road-commute scheduling (20–26 mins via Mohammadwadi / Kalepadal Link).",/pune/nibm-road/ | /subjects/biology/ | /pune/ | /find-tutor/,Biology & Local Operations Reviewer
/pune/nibm-road/science-tutors/,subject_locality,published,"Class 8–10 Science Tutors in NIBM Road, Pune (Home & Online) | Skill+ Tutors","Class 8–10 Science Home & Online Tutors in NIBM Road, Pune","Book a 1-on-1 Class 8–10 Science tutor for home visits or online tuition in NIBM Road, Pune",science tutor nibm road | science teacher nibm road pune | science home tuition nibm road | science tutor nibm | science tutor nibm annexe,NIBM Road,Class 8–10 Science,Confirmed Class 8–10 Science faculty coverage for NIBM Road (7.3 km road distance from Hadapsar HQ).,"Combines Class 8–10 Science-specific pedagogy (Class 10 Physics Units: Light Reflection & Refraction, Human Eye, Electricity, Magnetic Effects of Electric Current) with practical NIBM Road road-commute scheduling (20–26 mins via Mohammadwadi / Kalepadal Link).",/pune/nibm-road/ | /subjects/science/ | /pune/ | /find-tutor/,Class 8–10 Science & Local Operations Reviewer
/pune/salunke-vihar/physics-tutors/,subject_locality,published,"Physics Tutors in Salunke Vihar, Pune (Home & Online) | Skill+ Tutors","Physics Home & Online Tutors in Salunke Vihar, Pune","Book a 1-on-1 Physics tutor for home visits or online tuition in Salunke Vihar, Pune",physics tutor salunke vihar | physics teacher salunke vihar pune | physics home tuition salunke vihar | physics tutor salunke vihar road,Salunke Vihar,Physics,Confirmed Physics faculty coverage for Salunke Vihar (6.7 km road distance from Hadapsar HQ).,"Combines Physics-specific pedagogy (Classical Mechanics: Kinematics, Laws of Motion, Work-Energy-Power, Rotational Dynamics, and Gravitation) with practical Salunke Vihar road-commute scheduling (18–24 mins via Wanowrie or Mohammadwadi).",/pune/salunke-vihar/ | /subjects/physics/ | /pune/ | /find-tutor/,Physics & Local Operations Reviewer
/pune/salunke-vihar/chemistry-tutors/,subject_locality,published,"Chemistry Tutors in Salunke Vihar, Pune (Home & Online) | Skill+ Tutors","Chemistry Home & Online Tutors in Salunke Vihar, Pune","Book a 1-on-1 Chemistry tutor for home visits or online tuition in Salunke Vihar, Pune",chemistry tutor salunke vihar | chemistry teacher salunke vihar pune | chemistry home tuition salunke vihar | chemistry tutor salunke vihar road,Salunke Vihar,Chemistry,Confirmed Chemistry faculty coverage for Salunke Vihar (6.7 km road distance from Hadapsar HQ).,"Combines Chemistry-specific pedagogy (Organic Chemistry reaction mechanisms, named reactions, and GOC) with practical Salunke Vihar road-commute scheduling (18–24 mins via Wanowrie or Mohammadwadi).",/pune/salunke-vihar/ | /subjects/chemistry/ | /pune/ | /find-tutor/,Chemistry & Local Operations Reviewer
/pune/salunke-vihar/maths-tutors/,subject_locality,published,"Mathematics Tutors in Salunke Vihar, Pune (Home & Online) | Skill+ Tutors","Mathematics Home & Online Tutors in Salunke Vihar, Pune","Book a 1-on-1 Mathematics tutor for home visits or online tuition in Salunke Vihar, Pune",mathematics tutor salunke vihar | mathematics teacher salunke vihar pune | mathematics home tuition salunke vihar | mathematics tutor salunke vihar road,Salunke Vihar,Mathematics,Confirmed Mathematics faculty coverage for Salunke Vihar (6.7 km road distance from Hadapsar HQ).,"Combines Mathematics-specific pedagogy (Class 8–10 Core: Linear & Quadratic Equations, Coordinate Geometry, Trigonometry, Mensuration, Triangles, Statistics & Probability) with practical Salunke Vihar road-commute scheduling (18–24 mins via Wanowrie or Mohammadwadi).",/pune/salunke-vihar/ | /subjects/mathematics/ | /pune/ | /find-tutor/,Mathematics & Local Operations Reviewer
/pune/salunke-vihar/biology-tutors/,subject_locality,published,"Biology Tutors in Salunke Vihar, Pune (Home & Online) | Skill+ Tutors","Biology Home & Online Tutors in Salunke Vihar, Pune","Book a 1-on-1 Biology tutor for home visits or online tuition in Salunke Vihar, Pune",biology tutor salunke vihar | biology teacher salunke vihar pune | biology home tuition salunke vihar | biology tutor salunke vihar road,Salunke Vihar,Biology,Confirmed Biology faculty coverage for Salunke Vihar (6.7 km road distance from Hadapsar HQ).,"Combines Biology-specific pedagogy (Human & Plant Physiology: Digestion, Respiration, Circulation, Excretion, Neural/Chemical Coordination, Photosynthesis) with practical Salunke Vihar road-commute scheduling (18–24 mins via Wanowrie or Mohammadwadi).",/pune/salunke-vihar/ | /subjects/biology/ | /pune/ | /find-tutor/,Biology & Local Operations Reviewer
/pune/salunke-vihar/science-tutors/,subject_locality,published,"Class 8–10 Science Tutors in Salunke Vihar, Pune (Home & Online) | Skill+ Tutors","Class 8–10 Science Home & Online Tutors in Salunke Vihar, Pune","Book a 1-on-1 Class 8–10 Science tutor for home visits or online tuition in Salunke Vihar, Pune",science tutor salunke vihar | science teacher salunke vihar pune | science home tuition salunke vihar | science tutor salunke vihar road,Salunke Vihar,Class 8–10 Science,Confirmed Class 8–10 Science faculty coverage for Salunke Vihar (6.7 km road distance from Hadapsar HQ).,"Combines Class 8–10 Science-specific pedagogy (Class 10 Physics Units: Light Reflection & Refraction, Human Eye, Electricity, Magnetic Effects of Electric Current) with practical Salunke Vihar road-commute scheduling (18–24 mins via Wanowrie or Mohammadwadi).",/pune/salunke-vihar/ | /subjects/science/ | /pune/ | /find-tutor/,Class 8–10 Science & Local Operations Reviewer
/pune/handewadi/physics-tutors/,subject_locality,published,"Physics Tutors in Handewadi, Pune (Home & Online) | Skill+ Tutors","Physics Home & Online Tutors in Handewadi, Pune","Book a 1-on-1 Physics tutor for home visits or online tuition in Handewadi, Pune",physics tutor handewadi | physics teacher handewadi pune | physics home tuition handewadi | physics tutor autadwadi handewadi | physics tutor handewadi road,Handewadi,Physics,Confirmed Physics faculty coverage for Handewadi (4.1 km road distance from Hadapsar HQ).,"Combines Physics-specific pedagogy (Classical Mechanics: Kinematics, Laws of Motion, Work-Energy-Power, Rotational Dynamics, and Gravitation) with practical Handewadi road-commute scheduling (10–15 mins via Saswad-Handewadi Link Road).",/pune/handewadi/ | /subjects/physics/ | /pune/ | /find-tutor/,Physics & Local Operations Reviewer
/pune/handewadi/chemistry-tutors/,subject_locality,published,"Chemistry Tutors in Handewadi, Pune (Home & Online) | Skill+ Tutors","Chemistry Home & Online Tutors in Handewadi, Pune","Book a 1-on-1 Chemistry tutor for home visits or online tuition in Handewadi, Pune",chemistry tutor handewadi | chemistry teacher handewadi pune | chemistry home tuition handewadi | chemistry tutor autadwadi handewadi | chemistry tutor handewadi road,Handewadi,Chemistry,Confirmed Chemistry faculty coverage for Handewadi (4.1 km road distance from Hadapsar HQ).,"Combines Chemistry-specific pedagogy (Organic Chemistry reaction mechanisms, named reactions, and GOC) with practical Handewadi road-commute scheduling (10–15 mins via Saswad-Handewadi Link Road).",/pune/handewadi/ | /subjects/chemistry/ | /pune/ | /find-tutor/,Chemistry & Local Operations Reviewer
/pune/handewadi/maths-tutors/,subject_locality,published,"Mathematics Tutors in Handewadi, Pune (Home & Online) | Skill+ Tutors","Mathematics Home & Online Tutors in Handewadi, Pune","Book a 1-on-1 Mathematics tutor for home visits or online tuition in Handewadi, Pune",mathematics tutor handewadi | mathematics teacher handewadi pune | mathematics home tuition handewadi | mathematics tutor autadwadi handewadi | mathematics tutor handewadi road,Handewadi,Mathematics,Confirmed Mathematics faculty coverage for Handewadi (4.1 km road distance from Hadapsar HQ).,"Combines Mathematics-specific pedagogy (Class 8–10 Core: Linear & Quadratic Equations, Coordinate Geometry, Trigonometry, Mensuration, Triangles, Statistics & Probability) with practical Handewadi road-commute scheduling (10–15 mins via Saswad-Handewadi Link Road).",/pune/handewadi/ | /subjects/mathematics/ | /pune/ | /find-tutor/,Mathematics & Local Operations Reviewer
/pune/handewadi/biology-tutors/,subject_locality,published,"Biology Tutors in Handewadi, Pune (Home & Online) | Skill+ Tutors","Biology Home & Online Tutors in Handewadi, Pune","Book a 1-on-1 Biology tutor for home visits or online tuition in Handewadi, Pune",biology tutor handewadi | biology teacher handewadi pune | biology home tuition handewadi | biology tutor autadwadi handewadi | biology tutor handewadi road,Handewadi,Biology,Confirmed Biology faculty coverage for Handewadi (4.1 km road distance from Hadapsar HQ).,"Combines Biology-specific pedagogy (Human & Plant Physiology: Digestion, Respiration, Circulation, Excretion, Neural/Chemical Coordination, Photosynthesis) with practical Handewadi road-commute scheduling (10–15 mins via Saswad-Handewadi Link Road).",/pune/handewadi/ | /subjects/biology/ | /pune/ | /find-tutor/,Biology & Local Operations Reviewer
/pune/handewadi/science-tutors/,subject_locality,published,"Class 8–10 Science Tutors in Handewadi, Pune (Home & Online) | Skill+ Tutors","Class 8–10 Science Home & Online Tutors in Handewadi, Pune","Book a 1-on-1 Class 8–10 Science tutor for home visits or online tuition in Handewadi, Pune",science tutor handewadi | science teacher handewadi pune | science home tuition handewadi | science tutor autadwadi handewadi | science tutor handewadi road,Handewadi,Class 8–10 Science,Confirmed Class 8–10 Science faculty coverage for Handewadi (4.1 km road distance from Hadapsar HQ).,"Combines Class 8–10 Science-specific pedagogy (Class 10 Physics Units: Light Reflection & Refraction, Human Eye, Electricity, Magnetic Effects of Electric Current) with practical Handewadi road-commute scheduling (10–15 mins via Saswad-Handewadi Link Road).",/pune/handewadi/ | /subjects/science/ | /pune/ | /find-tutor/,Class 8–10 Science & Local Operations Reviewer
/pune/satav-nagar/physics-tutors/,subject_locality,reviewed,"Physics Tutors in Satav Nagar, Pune (Home & Online) | Skill+ Tutors","Physics Home & Online Tutors in Satav Nagar, Pune","Book a 1-on-1 Physics tutor for home visits or online tuition in Satav Nagar, Pune",physics tutor satav nagar | physics teacher satav nagar pune | physics home tuition satav nagar | physics tutor satavnagar handewadi road,Satav Nagar,Physics,Confirmed Physics faculty coverage for Satav Nagar (3.1 km road distance from Hadapsar HQ).,"Combines Physics-specific pedagogy (Classical Mechanics: Kinematics, Laws of Motion, Work-Energy-Power, Rotational Dynamics, and Gravitation) with practical Satav Nagar road-commute scheduling (8–12 mins via Kalepadal / Handewadi Road).",/pune/satav-nagar/ | /subjects/physics/ | /pune/ | /find-tutor/,Physics & Local Operations Reviewer
/pune/satav-nagar/chemistry-tutors/,subject_locality,reviewed,"Chemistry Tutors in Satav Nagar, Pune (Home & Online) | Skill+ Tutors","Chemistry Home & Online Tutors in Satav Nagar, Pune","Book a 1-on-1 Chemistry tutor for home visits or online tuition in Satav Nagar, Pune",chemistry tutor satav nagar | chemistry teacher satav nagar pune | chemistry home tuition satav nagar | chemistry tutor satavnagar handewadi road,Satav Nagar,Chemistry,Confirmed Chemistry faculty coverage for Satav Nagar (3.1 km road distance from Hadapsar HQ).,"Combines Chemistry-specific pedagogy (Organic Chemistry reaction mechanisms, named reactions, and GOC) with practical Satav Nagar road-commute scheduling (8–12 mins via Kalepadal / Handewadi Road).",/pune/satav-nagar/ | /subjects/chemistry/ | /pune/ | /find-tutor/,Chemistry & Local Operations Reviewer
/pune/satav-nagar/maths-tutors/,subject_locality,reviewed,"Mathematics Tutors in Satav Nagar, Pune (Home & Online) | Skill+ Tutors","Mathematics Home & Online Tutors in Satav Nagar, Pune","Book a 1-on-1 Mathematics tutor for home visits or online tuition in Satav Nagar, Pune",mathematics tutor satav nagar | mathematics teacher satav nagar pune | mathematics home tuition satav nagar | mathematics tutor satavnagar handewadi road,Satav Nagar,Mathematics,Confirmed Mathematics faculty coverage for Satav Nagar (3.1 km road distance from Hadapsar HQ).,"Combines Mathematics-specific pedagogy (Class 8–10 Core: Linear & Quadratic Equations, Coordinate Geometry, Trigonometry, Mensuration, Triangles, Statistics & Probability) with practical Satav Nagar road-commute scheduling (8–12 mins via Kalepadal / Handewadi Road).",/pune/satav-nagar/ | /subjects/mathematics/ | /pune/ | /find-tutor/,Mathematics & Local Operations Reviewer
/pune/satav-nagar/biology-tutors/,subject_locality,reviewed,"Biology Tutors in Satav Nagar, Pune (Home & Online) | Skill+ Tutors","Biology Home & Online Tutors in Satav Nagar, Pune","Book a 1-on-1 Biology tutor for home visits or online tuition in Satav Nagar, Pune",biology tutor satav nagar | biology teacher satav nagar pune | biology home tuition satav nagar | biology tutor satavnagar handewadi road,Satav Nagar,Biology,Confirmed Biology faculty coverage for Satav Nagar (3.1 km road distance from Hadapsar HQ).,"Combines Biology-specific pedagogy (Human & Plant Physiology: Digestion, Respiration, Circulation, Excretion, Neural/Chemical Coordination, Photosynthesis) with practical Satav Nagar road-commute scheduling (8–12 mins via Kalepadal / Handewadi Road).",/pune/satav-nagar/ | /subjects/biology/ | /pune/ | /find-tutor/,Biology & Local Operations Reviewer
/pune/satav-nagar/science-tutors/,subject_locality,reviewed,"Class 8–10 Science Tutors in Satav Nagar, Pune (Home & Online) | Skill+ Tutors","Class 8–10 Science Home & Online Tutors in Satav Nagar, Pune","Book a 1-on-1 Class 8–10 Science tutor for home visits or online tuition in Satav Nagar, Pune",science tutor satav nagar | science teacher satav nagar pune | science home tuition satav nagar | science tutor satavnagar handewadi road,Satav Nagar,Class 8–10 Science,Confirmed Class 8–10 Science faculty coverage for Satav Nagar (3.1 km road distance from Hadapsar HQ).,"Combines Class 8–10 Science-specific pedagogy (Class 10 Physics Units: Light Reflection & Refraction, Human Eye, Electricity, Magnetic Effects of Electric Current) with practical Satav Nagar road-commute scheduling (8–12 mins via Kalepadal / Handewadi Road).",/pune/satav-nagar/ | /subjects/science/ | /pune/ | /find-tutor/,Class 8–10 Science & Local Operations Reviewer
/pune/mohammadwadi/physics-tutors/,subject_locality,published,"Physics Tutors in Mohammadwadi, Pune (Home & Online) | Skill+ Tutors","Physics Home & Online Tutors in Mohammadwadi, Pune","Book a 1-on-1 Physics tutor for home visits or online tuition in Mohammadwadi, Pune",physics tutor mohammadwadi | physics teacher mohammadwadi pune | physics home tuition mohammadwadi | physics tutor mohammed wadi | physics tutor mohammad wadi,Mohammadwadi,Physics,Confirmed Physics faculty coverage for Mohammadwadi (5.1 km road distance from Hadapsar HQ).,"Combines Physics-specific pedagogy (Classical Mechanics: Kinematics, Laws of Motion, Work-Energy-Power, Rotational Dynamics, and Gravitation) with practical Mohammadwadi road-commute scheduling (14–20 mins via Kalepadal-Mohammadwadi Road).",/pune/mohammadwadi/ | /subjects/physics/ | /pune/ | /find-tutor/,Physics & Local Operations Reviewer
/pune/mohammadwadi/chemistry-tutors/,subject_locality,published,"Chemistry Tutors in Mohammadwadi, Pune (Home & Online) | Skill+ Tutors","Chemistry Home & Online Tutors in Mohammadwadi, Pune","Book a 1-on-1 Chemistry tutor for home visits or online tuition in Mohammadwadi, Pune",chemistry tutor mohammadwadi | chemistry teacher mohammadwadi pune | chemistry home tuition mohammadwadi | chemistry tutor mohammed wadi | chemistry tutor mohammad wadi,Mohammadwadi,Chemistry,Confirmed Chemistry faculty coverage for Mohammadwadi (5.1 km road distance from Hadapsar HQ).,"Combines Chemistry-specific pedagogy (Organic Chemistry reaction mechanisms, named reactions, and GOC) with practical Mohammadwadi road-commute scheduling (14–20 mins via Kalepadal-Mohammadwadi Road).",/pune/mohammadwadi/ | /subjects/chemistry/ | /pune/ | /find-tutor/,Chemistry & Local Operations Reviewer
/pune/mohammadwadi/maths-tutors/,subject_locality,published,"Mathematics Tutors in Mohammadwadi, Pune (Home & Online) | Skill+ Tutors","Mathematics Home & Online Tutors in Mohammadwadi, Pune","Book a 1-on-1 Mathematics tutor for home visits or online tuition in Mohammadwadi, Pune",mathematics tutor mohammadwadi | mathematics teacher mohammadwadi pune | mathematics home tuition mohammadwadi | mathematics tutor mohammed wadi | mathematics tutor mohammad wadi,Mohammadwadi,Mathematics,Confirmed Mathematics faculty coverage for Mohammadwadi (5.1 km road distance from Hadapsar HQ).,"Combines Mathematics-specific pedagogy (Class 8–10 Core: Linear & Quadratic Equations, Coordinate Geometry, Trigonometry, Mensuration, Triangles, Statistics & Probability) with practical Mohammadwadi road-commute scheduling (14–20 mins via Kalepadal-Mohammadwadi Road).",/pune/mohammadwadi/ | /subjects/mathematics/ | /pune/ | /find-tutor/,Mathematics & Local Operations Reviewer
/pune/mohammadwadi/biology-tutors/,subject_locality,published,"Biology Tutors in Mohammadwadi, Pune (Home & Online) | Skill+ Tutors","Biology Home & Online Tutors in Mohammadwadi, Pune","Book a 1-on-1 Biology tutor for home visits or online tuition in Mohammadwadi, Pune",biology tutor mohammadwadi | biology teacher mohammadwadi pune | biology home tuition mohammadwadi | biology tutor mohammed wadi | biology tutor mohammad wadi,Mohammadwadi,Biology,Confirmed Biology faculty coverage for Mohammadwadi (5.1 km road distance from Hadapsar HQ).,"Combines Biology-specific pedagogy (Human & Plant Physiology: Digestion, Respiration, Circulation, Excretion, Neural/Chemical Coordination, Photosynthesis) with practical Mohammadwadi road-commute scheduling (14–20 mins via Kalepadal-Mohammadwadi Road).",/pune/mohammadwadi/ | /subjects/biology/ | /pune/ | /find-tutor/,Biology & Local Operations Reviewer
/pune/mohammadwadi/science-tutors/,subject_locality,published,"Class 8–10 Science Tutors in Mohammadwadi, Pune (Home & Online) | Skill+ Tutors","Class 8–10 Science Home & Online Tutors in Mohammadwadi, Pune","Book a 1-on-1 Class 8–10 Science tutor for home visits or online tuition in Mohammadwadi, Pune",science tutor mohammadwadi | science teacher mohammadwadi pune | science home tuition mohammadwadi | science tutor mohammed wadi | science tutor mohammad wadi,Mohammadwadi,Class 8–10 Science,Confirmed Class 8–10 Science faculty coverage for Mohammadwadi (5.1 km road distance from Hadapsar HQ).,"Combines Class 8–10 Science-specific pedagogy (Class 10 Physics Units: Light Reflection & Refraction, Human Eye, Electricity, Magnetic Effects of Electric Current) with practical Mohammadwadi road-commute scheduling (14–20 mins via Kalepadal-Mohammadwadi Road).",/pune/mohammadwadi/ | /subjects/science/ | /pune/ | /find-tutor/,Class 8–10 Science & Local Operations Reviewer
/pune/undri/physics-tutors/,subject_locality,published,"Physics Tutors in Undri, Pune (Home & Online) | Skill+ Tutors","Physics Home & Online Tutors in Undri, Pune","Book a 1-on-1 Physics tutor for home visits or online tuition in Undri, Pune",physics tutor undri | physics teacher undri pune | physics home tuition undri | physics tutor undri pune | physics tutor undri chowk,Undri,Physics,Confirmed Physics faculty coverage for Undri (6.4 km road distance from Hadapsar HQ).,"Combines Physics-specific pedagogy (Classical Mechanics: Kinematics, Laws of Motion, Work-Energy-Power, Rotational Dynamics, and Gravitation) with practical Undri road-commute scheduling (16–22 mins via Handewadi Road).",/pune/undri/ | /subjects/physics/ | /pune/ | /find-tutor/,Physics & Local Operations Reviewer
/pune/undri/chemistry-tutors/,subject_locality,published,"Chemistry Tutors in Undri, Pune (Home & Online) | Skill+ Tutors","Chemistry Home & Online Tutors in Undri, Pune","Book a 1-on-1 Chemistry tutor for home visits or online tuition in Undri, Pune",chemistry tutor undri | chemistry teacher undri pune | chemistry home tuition undri | chemistry tutor undri pune | chemistry tutor undri chowk,Undri,Chemistry,Confirmed Chemistry faculty coverage for Undri (6.4 km road distance from Hadapsar HQ).,"Combines Chemistry-specific pedagogy (Organic Chemistry reaction mechanisms, named reactions, and GOC) with practical Undri road-commute scheduling (16–22 mins via Handewadi Road).",/pune/undri/ | /subjects/chemistry/ | /pune/ | /find-tutor/,Chemistry & Local Operations Reviewer
/pune/undri/maths-tutors/,subject_locality,published,"Mathematics Tutors in Undri, Pune (Home & Online) | Skill+ Tutors","Mathematics Home & Online Tutors in Undri, Pune","Book a 1-on-1 Mathematics tutor for home visits or online tuition in Undri, Pune",mathematics tutor undri | mathematics teacher undri pune | mathematics home tuition undri | mathematics tutor undri pune | mathematics tutor undri chowk,Undri,Mathematics,Confirmed Mathematics faculty coverage for Undri (6.4 km road distance from Hadapsar HQ).,"Combines Mathematics-specific pedagogy (Class 8–10 Core: Linear & Quadratic Equations, Coordinate Geometry, Trigonometry, Mensuration, Triangles, Statistics & Probability) with practical Undri road-commute scheduling (16–22 mins via Handewadi Road).",/pune/undri/ | /subjects/mathematics/ | /pune/ | /find-tutor/,Mathematics & Local Operations Reviewer
/pune/undri/biology-tutors/,subject_locality,published,"Biology Tutors in Undri, Pune (Home & Online) | Skill+ Tutors","Biology Home & Online Tutors in Undri, Pune","Book a 1-on-1 Biology tutor for home visits or online tuition in Undri, Pune",biology tutor undri | biology teacher undri pune | biology home tuition undri | biology tutor undri pune | biology tutor undri chowk,Undri,Biology,Confirmed Biology faculty coverage for Undri (6.4 km road distance from Hadapsar HQ).,"Combines Biology-specific pedagogy (Human & Plant Physiology: Digestion, Respiration, Circulation, Excretion, Neural/Chemical Coordination, Photosynthesis) with practical Undri road-commute scheduling (16–22 mins via Handewadi Road).",/pune/undri/ | /subjects/biology/ | /pune/ | /find-tutor/,Biology & Local Operations Reviewer
/pune/undri/science-tutors/,subject_locality,published,"Class 8–10 Science Tutors in Undri, Pune (Home & Online) | Skill+ Tutors","Class 8–10 Science Home & Online Tutors in Undri, Pune","Book a 1-on-1 Class 8–10 Science tutor for home visits or online tuition in Undri, Pune",science tutor undri | science teacher undri pune | science home tuition undri | science tutor undri pune | science tutor undri chowk,Undri,Class 8–10 Science,Confirmed Class 8–10 Science faculty coverage for Undri (6.4 km road distance from Hadapsar HQ).,"Combines Class 8–10 Science-specific pedagogy (Class 10 Physics Units: Light Reflection & Refraction, Human Eye, Electricity, Magnetic Effects of Electric Current) with practical Undri road-commute scheduling (16–22 mins via Handewadi Road).",/pune/undri/ | /subjects/science/ | /pune/ | /find-tutor/,Class 8–10 Science & Local Operations Reviewer
/pune/pisoli/maths-tutors/,subject_locality,reviewed,"Mathematics Tutors in Pisoli, Pune (Home & Online) | Skill+ Tutors","Mathematics Home & Online Tutors in Pisoli, Pune","Book a 1-on-1 Mathematics tutor for home visits or online tuition in Pisoli, Pune",mathematics tutor pisoli | mathematics teacher pisoli pune | mathematics home tuition pisoli | mathematics tutor pisoli road | mathematics tutor pisoli undri,Pisoli,Mathematics,Confirmed Mathematics faculty coverage for Pisoli (8.1 km road distance from Hadapsar HQ).,"Combines Mathematics-specific pedagogy (Class 8–10 Core: Linear & Quadratic Equations, Coordinate Geometry, Trigonometry, Mensuration, Triangles, Statistics & Probability) with practical Pisoli road-commute scheduling (22–28 mins via Undri Chowk).",/pune/pisoli/ | /subjects/mathematics/ | /pune/ | /find-tutor/,Mathematics & Local Operations Reviewer
/pune/pisoli/science-tutors/,subject_locality,reviewed,"Class 8–10 Science Tutors in Pisoli, Pune (Home & Online) | Skill+ Tutors","Class 8–10 Science Home & Online Tutors in Pisoli, Pune","Book a 1-on-1 Class 8–10 Science tutor for home visits or online tuition in Pisoli, Pune",science tutor pisoli | science teacher pisoli pune | science home tuition pisoli | science tutor pisoli road | science tutor pisoli undri,Pisoli,Class 8–10 Science,Confirmed Class 8–10 Science faculty coverage for Pisoli (8.1 km road distance from Hadapsar HQ).,"Combines Class 8–10 Science-specific pedagogy (Class 10 Physics Units: Light Reflection & Refraction, Human Eye, Electricity, Magnetic Effects of Electric Current) with practical Pisoli road-commute scheduling (22–28 mins via Undri Chowk).",/pune/pisoli/ | /subjects/science/ | /pune/ | /find-tutor/,Class 8–10 Science & Local Operations Reviewer
/pune/pisoli/physics-tutors/,subject_locality,reviewed,"Physics Tutors in Pisoli, Pune (Home & Online) | Skill+ Tutors","Physics Home & Online Tutors in Pisoli, Pune","Book a 1-on-1 Physics tutor for home visits or online tuition in Pisoli, Pune",physics tutor pisoli | physics teacher pisoli pune | physics home tuition pisoli | physics tutor pisoli road | physics tutor pisoli undri,Pisoli,Physics,Confirmed Physics faculty coverage for Pisoli (8.1 km road distance from Hadapsar HQ).,"Combines Physics-specific pedagogy (Classical Mechanics: Kinematics, Laws of Motion, Work-Energy-Power, Rotational Dynamics, and Gravitation) with practical Pisoli road-commute scheduling (22–28 mins via Undri Chowk).",/pune/pisoli/ | /subjects/physics/ | /pune/ | /find-tutor/,Physics & Local Operations Reviewer
/pune/pisoli/chemistry-tutors/,subject_locality,reviewed,"Chemistry Tutors in Pisoli, Pune (Home & Online) | Skill+ Tutors","Chemistry Home & Online Tutors in Pisoli, Pune","Book a 1-on-1 Chemistry tutor for home visits or online tuition in Pisoli, Pune",chemistry tutor pisoli | chemistry teacher pisoli pune | chemistry home tuition pisoli | chemistry tutor pisoli road | chemistry tutor pisoli undri,Pisoli,Chemistry,Confirmed Chemistry faculty coverage for Pisoli (8.1 km road distance from Hadapsar HQ).,"Combines Chemistry-specific pedagogy (Organic Chemistry reaction mechanisms, named reactions, and GOC) with practical Pisoli road-commute scheduling (22–28 mins via Undri Chowk).",/pune/pisoli/ | /subjects/chemistry/ | /pune/ | /find-tutor/,Chemistry & Local Operations Reviewer
/pune/pisoli/biology-tutors/,subject_locality,reviewed,"Biology Tutors in Pisoli, Pune (Home & Online) | Skill+ Tutors","Biology Home & Online Tutors in Pisoli, Pune","Book a 1-on-1 Biology tutor for home visits or online tuition in Pisoli, Pune",biology tutor pisoli | biology teacher pisoli pune | biology home tuition pisoli | biology tutor pisoli road | biology tutor pisoli undri,Pisoli,Biology,Confirmed Biology faculty coverage for Pisoli (8.1 km road distance from Hadapsar HQ).,"Combines Biology-specific pedagogy (Human & Plant Physiology: Digestion, Respiration, Circulation, Excretion, Neural/Chemical Coordination, Photosynthesis) with practical Pisoli road-commute scheduling (22–28 mins via Undri Chowk).",/pune/pisoli/ | /subjects/biology/ | /pune/ | /find-tutor/,Biology & Local Operations Reviewer
/pune/kondhwa/physics-tutors/,subject_locality,published,"Physics Tutors in Kondhwa, Pune (Home & Online) | Skill+ Tutors","Physics Home & Online Tutors in Kondhwa, Pune","Book a 1-on-1 Physics tutor for home visits or online tuition in Kondhwa, Pune",physics tutor kondhwa | physics teacher kondhwa pune | physics home tuition kondhwa | physics tutor kondhwa khurd | physics tutor kondhwa budruk | physics tutor kondhwa main road,Kondhwa,Physics,Confirmed Physics faculty coverage for Kondhwa (9.2 km road distance from Hadapsar HQ).,"Combines Physics-specific pedagogy (Classical Mechanics: Kinematics, Laws of Motion, Work-Energy-Power, Rotational Dynamics, and Gravitation) with practical Kondhwa road-commute scheduling (25–35 mins via NIBM / Lulla Nagar).",/pune/kondhwa/ | /subjects/physics/ | /pune/ | /find-tutor/,Physics & Local Operations Reviewer
/pune/kondhwa/chemistry-tutors/,subject_locality,published,"Chemistry Tutors in Kondhwa, Pune (Home & Online) | Skill+ Tutors","Chemistry Home & Online Tutors in Kondhwa, Pune","Book a 1-on-1 Chemistry tutor for home visits or online tuition in Kondhwa, Pune",chemistry tutor kondhwa | chemistry teacher kondhwa pune | chemistry home tuition kondhwa | chemistry tutor kondhwa khurd | chemistry tutor kondhwa budruk | chemistry tutor kondhwa main road,Kondhwa,Chemistry,Confirmed Chemistry faculty coverage for Kondhwa (9.2 km road distance from Hadapsar HQ).,"Combines Chemistry-specific pedagogy (Organic Chemistry reaction mechanisms, named reactions, and GOC) with practical Kondhwa road-commute scheduling (25–35 mins via NIBM / Lulla Nagar).",/pune/kondhwa/ | /subjects/chemistry/ | /pune/ | /find-tutor/,Chemistry & Local Operations Reviewer
/pune/kondhwa/maths-tutors/,subject_locality,published,"Mathematics Tutors in Kondhwa, Pune (Home & Online) | Skill+ Tutors","Mathematics Home & Online Tutors in Kondhwa, Pune","Book a 1-on-1 Mathematics tutor for home visits or online tuition in Kondhwa, Pune",mathematics tutor kondhwa | mathematics teacher kondhwa pune | mathematics home tuition kondhwa | mathematics tutor kondhwa khurd | mathematics tutor kondhwa budruk | mathematics tutor kondhwa main road,Kondhwa,Mathematics,Confirmed Mathematics faculty coverage for Kondhwa (9.2 km road distance from Hadapsar HQ).,"Combines Mathematics-specific pedagogy (Class 8–10 Core: Linear & Quadratic Equations, Coordinate Geometry, Trigonometry, Mensuration, Triangles, Statistics & Probability) with practical Kondhwa road-commute scheduling (25–35 mins via NIBM / Lulla Nagar).",/pune/kondhwa/ | /subjects/mathematics/ | /pune/ | /find-tutor/,Mathematics & Local Operations Reviewer
/pune/kondhwa/biology-tutors/,subject_locality,published,"Biology Tutors in Kondhwa, Pune (Home & Online) | Skill+ Tutors","Biology Home & Online Tutors in Kondhwa, Pune","Book a 1-on-1 Biology tutor for home visits or online tuition in Kondhwa, Pune",biology tutor kondhwa | biology teacher kondhwa pune | biology home tuition kondhwa | biology tutor kondhwa khurd | biology tutor kondhwa budruk | biology tutor kondhwa main road,Kondhwa,Biology,Confirmed Biology faculty coverage for Kondhwa (9.2 km road distance from Hadapsar HQ).,"Combines Biology-specific pedagogy (Human & Plant Physiology: Digestion, Respiration, Circulation, Excretion, Neural/Chemical Coordination, Photosynthesis) with practical Kondhwa road-commute scheduling (25–35 mins via NIBM / Lulla Nagar).",/pune/kondhwa/ | /subjects/biology/ | /pune/ | /find-tutor/,Biology & Local Operations Reviewer
/pune/kondhwa/science-tutors/,subject_locality,published,"Class 8–10 Science Tutors in Kondhwa, Pune (Home & Online) | Skill+ Tutors","Class 8–10 Science Home & Online Tutors in Kondhwa, Pune","Book a 1-on-1 Class 8–10 Science tutor for home visits or online tuition in Kondhwa, Pune",science tutor kondhwa | science teacher kondhwa pune | science home tuition kondhwa | science tutor kondhwa khurd | science tutor kondhwa budruk | science tutor kondhwa main road,Kondhwa,Class 8–10 Science,Confirmed Class 8–10 Science faculty coverage for Kondhwa (9.2 km road distance from Hadapsar HQ).,"Combines Class 8–10 Science-specific pedagogy (Class 10 Physics Units: Light Reflection & Refraction, Human Eye, Electricity, Magnetic Effects of Electric Current) with practical Kondhwa road-commute scheduling (25–35 mins via NIBM / Lulla Nagar).",/pune/kondhwa/ | /subjects/science/ | /pune/ | /find-tutor/,Class 8–10 Science & Local Operations Reviewer
/pune/bt-kawade-road/physics-tutors/,subject_locality,reviewed,"Physics Tutors in BT Kawade Road, Pune (Home & Online) | Skill+ Tutors","Physics Home & Online Tutors in BT Kawade Road, Pune","Book a 1-on-1 Physics tutor for home visits or online tuition in BT Kawade Road, Pune",physics tutor bt kawade road | physics teacher bt kawade road pune | physics home tuition bt kawade road | physics tutor b.t. kawade road | physics tutor bt kawade,BT Kawade Road,Physics,Confirmed Physics faculty coverage for BT Kawade Road (6.9 km road distance from Hadapsar HQ).,"Combines Physics-specific pedagogy (Classical Mechanics: Kinematics, Laws of Motion, Work-Energy-Power, Rotational Dynamics, and Gravitation) with practical BT Kawade Road road-commute scheduling (18–24 mins via Solapur Rd / Ghorpadi Link).",/pune/bt-kawade-road/ | /subjects/physics/ | /pune/ | /find-tutor/,Physics & Local Operations Reviewer
/pune/bt-kawade-road/chemistry-tutors/,subject_locality,reviewed,"Chemistry Tutors in BT Kawade Road, Pune (Home & Online) | Skill+ Tutors","Chemistry Home & Online Tutors in BT Kawade Road, Pune","Book a 1-on-1 Chemistry tutor for home visits or online tuition in BT Kawade Road, Pune",chemistry tutor bt kawade road | chemistry teacher bt kawade road pune | chemistry home tuition bt kawade road | chemistry tutor b.t. kawade road | chemistry tutor bt kawade,BT Kawade Road,Chemistry,Confirmed Chemistry faculty coverage for BT Kawade Road (6.9 km road distance from Hadapsar HQ).,"Combines Chemistry-specific pedagogy (Organic Chemistry reaction mechanisms, named reactions, and GOC) with practical BT Kawade Road road-commute scheduling (18–24 mins via Solapur Rd / Ghorpadi Link).",/pune/bt-kawade-road/ | /subjects/chemistry/ | /pune/ | /find-tutor/,Chemistry & Local Operations Reviewer
/pune/bt-kawade-road/maths-tutors/,subject_locality,reviewed,"Mathematics Tutors in BT Kawade Road, Pune (Home & Online) | Skill+ Tutors","Mathematics Home & Online Tutors in BT Kawade Road, Pune","Book a 1-on-1 Mathematics tutor for home visits or online tuition in BT Kawade Road, Pune",mathematics tutor bt kawade road | mathematics teacher bt kawade road pune | mathematics home tuition bt kawade road | mathematics tutor b.t. kawade road | mathematics tutor bt kawade,BT Kawade Road,Mathematics,Confirmed Mathematics faculty coverage for BT Kawade Road (6.9 km road distance from Hadapsar HQ).,"Combines Mathematics-specific pedagogy (Class 8–10 Core: Linear & Quadratic Equations, Coordinate Geometry, Trigonometry, Mensuration, Triangles, Statistics & Probability) with practical BT Kawade Road road-commute scheduling (18–24 mins via Solapur Rd / Ghorpadi Link).",/pune/bt-kawade-road/ | /subjects/mathematics/ | /pune/ | /find-tutor/,Mathematics & Local Operations Reviewer
/pune/bt-kawade-road/biology-tutors/,subject_locality,reviewed,"Biology Tutors in BT Kawade Road, Pune (Home & Online) | Skill+ Tutors","Biology Home & Online Tutors in BT Kawade Road, Pune","Book a 1-on-1 Biology tutor for home visits or online tuition in BT Kawade Road, Pune",biology tutor bt kawade road | biology teacher bt kawade road pune | biology home tuition bt kawade road | biology tutor b.t. kawade road | biology tutor bt kawade,BT Kawade Road,Biology,Confirmed Biology faculty coverage for BT Kawade Road (6.9 km road distance from Hadapsar HQ).,"Combines Biology-specific pedagogy (Human & Plant Physiology: Digestion, Respiration, Circulation, Excretion, Neural/Chemical Coordination, Photosynthesis) with practical BT Kawade Road road-commute scheduling (18–24 mins via Solapur Rd / Ghorpadi Link).",/pune/bt-kawade-road/ | /subjects/biology/ | /pune/ | /find-tutor/,Biology & Local Operations Reviewer
/pune/bt-kawade-road/science-tutors/,subject_locality,reviewed,"Class 8–10 Science Tutors in BT Kawade Road, Pune (Home & Online) | Skill+ Tutors","Class 8–10 Science Home & Online Tutors in BT Kawade Road, Pune","Book a 1-on-1 Class 8–10 Science tutor for home visits or online tuition in BT Kawade Road, Pune",science tutor bt kawade road | science teacher bt kawade road pune | science home tuition bt kawade road | science tutor b.t. kawade road | science tutor bt kawade,BT Kawade Road,Class 8–10 Science,Confirmed Class 8–10 Science faculty coverage for BT Kawade Road (6.9 km road distance from Hadapsar HQ).,"Combines Class 8–10 Science-specific pedagogy (Class 10 Physics Units: Light Reflection & Refraction, Human Eye, Electricity, Magnetic Effects of Electric Current) with practical BT Kawade Road road-commute scheduling (18–24 mins via Solapur Rd / Ghorpadi Link).",/pune/bt-kawade-road/ | /subjects/science/ | /pune/ | /find-tutor/,Class 8–10 Science & Local Operations Reviewer
/pune/ghorpadi/physics-tutors/,subject_locality,reviewed,"Physics Tutors in Ghorpadi, Pune (Home & Online) | Skill+ Tutors","Physics Home & Online Tutors in Ghorpadi, Pune","Book a 1-on-1 Physics tutor for home visits or online tuition in Ghorpadi, Pune",physics tutor ghorpadi | physics teacher ghorpadi pune | physics home tuition ghorpadi | physics tutor ghorpadi gaon | physics tutor ghorpadi cantonment,Ghorpadi,Physics,Confirmed Physics faculty coverage for Ghorpadi (8.3 km road distance from Hadapsar HQ).,"Combines Physics-specific pedagogy (Classical Mechanics: Kinematics, Laws of Motion, Work-Energy-Power, Rotational Dynamics, and Gravitation) with practical Ghorpadi road-commute scheduling (22–30 mins via BT Kawade Road or Mundhwa).",/pune/ghorpadi/ | /subjects/physics/ | /pune/ | /find-tutor/,Physics & Local Operations Reviewer
/pune/ghorpadi/chemistry-tutors/,subject_locality,reviewed,"Chemistry Tutors in Ghorpadi, Pune (Home & Online) | Skill+ Tutors","Chemistry Home & Online Tutors in Ghorpadi, Pune","Book a 1-on-1 Chemistry tutor for home visits or online tuition in Ghorpadi, Pune",chemistry tutor ghorpadi | chemistry teacher ghorpadi pune | chemistry home tuition ghorpadi | chemistry tutor ghorpadi gaon | chemistry tutor ghorpadi cantonment,Ghorpadi,Chemistry,Confirmed Chemistry faculty coverage for Ghorpadi (8.3 km road distance from Hadapsar HQ).,"Combines Chemistry-specific pedagogy (Organic Chemistry reaction mechanisms, named reactions, and GOC) with practical Ghorpadi road-commute scheduling (22–30 mins via BT Kawade Road or Mundhwa).",/pune/ghorpadi/ | /subjects/chemistry/ | /pune/ | /find-tutor/,Chemistry & Local Operations Reviewer
/pune/ghorpadi/maths-tutors/,subject_locality,reviewed,"Mathematics Tutors in Ghorpadi, Pune (Home & Online) | Skill+ Tutors","Mathematics Home & Online Tutors in Ghorpadi, Pune","Book a 1-on-1 Mathematics tutor for home visits or online tuition in Ghorpadi, Pune",mathematics tutor ghorpadi | mathematics teacher ghorpadi pune | mathematics home tuition ghorpadi | mathematics tutor ghorpadi gaon | mathematics tutor ghorpadi cantonment,Ghorpadi,Mathematics,Confirmed Mathematics faculty coverage for Ghorpadi (8.3 km road distance from Hadapsar HQ).,"Combines Mathematics-specific pedagogy (Class 8–10 Core: Linear & Quadratic Equations, Coordinate Geometry, Trigonometry, Mensuration, Triangles, Statistics & Probability) with practical Ghorpadi road-commute scheduling (22–30 mins via BT Kawade Road or Mundhwa).",/pune/ghorpadi/ | /subjects/mathematics/ | /pune/ | /find-tutor/,Mathematics & Local Operations Reviewer
/pune/ghorpadi/science-tutors/,subject_locality,reviewed,"Class 8–10 Science Tutors in Ghorpadi, Pune (Home & Online) | Skill+ Tutors","Class 8–10 Science Home & Online Tutors in Ghorpadi, Pune","Book a 1-on-1 Class 8–10 Science tutor for home visits or online tuition in Ghorpadi, Pune",science tutor ghorpadi | science teacher ghorpadi pune | science home tuition ghorpadi | science tutor ghorpadi gaon | science tutor ghorpadi cantonment,Ghorpadi,Class 8–10 Science,Confirmed Class 8–10 Science faculty coverage for Ghorpadi (8.3 km road distance from Hadapsar HQ).,"Combines Class 8–10 Science-specific pedagogy (Class 10 Physics Units: Light Reflection & Refraction, Human Eye, Electricity, Magnetic Effects of Electric Current) with practical Ghorpadi road-commute scheduling (22–30 mins via BT Kawade Road or Mundhwa).",/pune/ghorpadi/ | /subjects/science/ | /pune/ | /find-tutor/,Class 8–10 Science & Local Operations Reviewer
/pune/lulla-nagar/physics-tutors/,subject_locality,reviewed,"Physics Tutors in Lulla Nagar, Pune (Home & Online) | Skill+ Tutors","Physics Home & Online Tutors in Lulla Nagar, Pune","Book a 1-on-1 Physics tutor for home visits or online tuition in Lulla Nagar, Pune",physics tutor lulla nagar | physics teacher lulla nagar pune | physics home tuition lulla nagar | physics tutor lullanagar,Lulla Nagar,Physics,Confirmed Physics faculty coverage for Lulla Nagar (8.2 km road distance from Hadapsar HQ).,"Combines Physics-specific pedagogy (Classical Mechanics: Kinematics, Laws of Motion, Work-Energy-Power, Rotational Dynamics, and Gravitation) with practical Lulla Nagar road-commute scheduling (22–28 mins via Wanowrie / Fatima Nagar).",/pune/lulla-nagar/ | /subjects/physics/ | /pune/ | /find-tutor/,Physics & Local Operations Reviewer
/pune/lulla-nagar/chemistry-tutors/,subject_locality,reviewed,"Chemistry Tutors in Lulla Nagar, Pune (Home & Online) | Skill+ Tutors","Chemistry Home & Online Tutors in Lulla Nagar, Pune","Book a 1-on-1 Chemistry tutor for home visits or online tuition in Lulla Nagar, Pune",chemistry tutor lulla nagar | chemistry teacher lulla nagar pune | chemistry home tuition lulla nagar | chemistry tutor lullanagar,Lulla Nagar,Chemistry,Confirmed Chemistry faculty coverage for Lulla Nagar (8.2 km road distance from Hadapsar HQ).,"Combines Chemistry-specific pedagogy (Organic Chemistry reaction mechanisms, named reactions, and GOC) with practical Lulla Nagar road-commute scheduling (22–28 mins via Wanowrie / Fatima Nagar).",/pune/lulla-nagar/ | /subjects/chemistry/ | /pune/ | /find-tutor/,Chemistry & Local Operations Reviewer
/pune/lulla-nagar/maths-tutors/,subject_locality,reviewed,"Mathematics Tutors in Lulla Nagar, Pune (Home & Online) | Skill+ Tutors","Mathematics Home & Online Tutors in Lulla Nagar, Pune","Book a 1-on-1 Mathematics tutor for home visits or online tuition in Lulla Nagar, Pune",mathematics tutor lulla nagar | mathematics teacher lulla nagar pune | mathematics home tuition lulla nagar | mathematics tutor lullanagar,Lulla Nagar,Mathematics,Confirmed Mathematics faculty coverage for Lulla Nagar (8.2 km road distance from Hadapsar HQ).,"Combines Mathematics-specific pedagogy (Class 8–10 Core: Linear & Quadratic Equations, Coordinate Geometry, Trigonometry, Mensuration, Triangles, Statistics & Probability) with practical Lulla Nagar road-commute scheduling (22–28 mins via Wanowrie / Fatima Nagar).",/pune/lulla-nagar/ | /subjects/mathematics/ | /pune/ | /find-tutor/,Mathematics & Local Operations Reviewer
/pune/lulla-nagar/biology-tutors/,subject_locality,reviewed,"Biology Tutors in Lulla Nagar, Pune (Home & Online) | Skill+ Tutors","Biology Home & Online Tutors in Lulla Nagar, Pune","Book a 1-on-1 Biology tutor for home visits or online tuition in Lulla Nagar, Pune",biology tutor lulla nagar | biology teacher lulla nagar pune | biology home tuition lulla nagar | biology tutor lullanagar,Lulla Nagar,Biology,Confirmed Biology faculty coverage for Lulla Nagar (8.2 km road distance from Hadapsar HQ).,"Combines Biology-specific pedagogy (Human & Plant Physiology: Digestion, Respiration, Circulation, Excretion, Neural/Chemical Coordination, Photosynthesis) with practical Lulla Nagar road-commute scheduling (22–28 mins via Wanowrie / Fatima Nagar).",/pune/lulla-nagar/ | /subjects/biology/ | /pune/ | /find-tutor/,Biology & Local Operations Reviewer
/pune/phursungi/physics-tutors/,subject_locality,published,"Physics Tutors in Phursungi, Pune (Home & Online) | Skill+ Tutors","Physics Home & Online Tutors in Phursungi, Pune","Book a 1-on-1 Physics tutor for home visits or online tuition in Phursungi, Pune",physics tutor phursungi | physics teacher phursungi pune | physics home tuition phursungi | physics tutor fursungi | physics tutor phursungi road,Phursungi,Physics,Confirmed Physics faculty coverage for Phursungi (2.9 km road distance from Hadapsar HQ).,"Combines Physics-specific pedagogy (Classical Mechanics: Kinematics, Laws of Motion, Work-Energy-Power, Rotational Dynamics, and Gravitation) with practical Phursungi road-commute scheduling (8–12 mins via Tukai Darshan / Phursungi Road).",/pune/phursungi/ | /subjects/physics/ | /pune/ | /find-tutor/,Physics & Local Operations Reviewer
/pune/phursungi/chemistry-tutors/,subject_locality,published,"Chemistry Tutors in Phursungi, Pune (Home & Online) | Skill+ Tutors","Chemistry Home & Online Tutors in Phursungi, Pune","Book a 1-on-1 Chemistry tutor for home visits or online tuition in Phursungi, Pune",chemistry tutor phursungi | chemistry teacher phursungi pune | chemistry home tuition phursungi | chemistry tutor fursungi | chemistry tutor phursungi road,Phursungi,Chemistry,Confirmed Chemistry faculty coverage for Phursungi (2.9 km road distance from Hadapsar HQ).,"Combines Chemistry-specific pedagogy (Organic Chemistry reaction mechanisms, named reactions, and GOC) with practical Phursungi road-commute scheduling (8–12 mins via Tukai Darshan / Phursungi Road).",/pune/phursungi/ | /subjects/chemistry/ | /pune/ | /find-tutor/,Chemistry & Local Operations Reviewer
/pune/phursungi/maths-tutors/,subject_locality,published,"Mathematics Tutors in Phursungi, Pune (Home & Online) | Skill+ Tutors","Mathematics Home & Online Tutors in Phursungi, Pune","Book a 1-on-1 Mathematics tutor for home visits or online tuition in Phursungi, Pune",mathematics tutor phursungi | mathematics teacher phursungi pune | mathematics home tuition phursungi | mathematics tutor fursungi | mathematics tutor phursungi road,Phursungi,Mathematics,Confirmed Mathematics faculty coverage for Phursungi (2.9 km road distance from Hadapsar HQ).,"Combines Mathematics-specific pedagogy (Class 8–10 Core: Linear & Quadratic Equations, Coordinate Geometry, Trigonometry, Mensuration, Triangles, Statistics & Probability) with practical Phursungi road-commute scheduling (8–12 mins via Tukai Darshan / Phursungi Road).",/pune/phursungi/ | /subjects/mathematics/ | /pune/ | /find-tutor/,Mathematics & Local Operations Reviewer
/pune/phursungi/biology-tutors/,subject_locality,published,"Biology Tutors in Phursungi, Pune (Home & Online) | Skill+ Tutors","Biology Home & Online Tutors in Phursungi, Pune","Book a 1-on-1 Biology tutor for home visits or online tuition in Phursungi, Pune",biology tutor phursungi | biology teacher phursungi pune | biology home tuition phursungi | biology tutor fursungi | biology tutor phursungi road,Phursungi,Biology,Confirmed Biology faculty coverage for Phursungi (2.9 km road distance from Hadapsar HQ).,"Combines Biology-specific pedagogy (Human & Plant Physiology: Digestion, Respiration, Circulation, Excretion, Neural/Chemical Coordination, Photosynthesis) with practical Phursungi road-commute scheduling (8–12 mins via Tukai Darshan / Phursungi Road).",/pune/phursungi/ | /subjects/biology/ | /pune/ | /find-tutor/,Biology & Local Operations Reviewer
/pune/phursungi/science-tutors/,subject_locality,published,"Class 8–10 Science Tutors in Phursungi, Pune (Home & Online) | Skill+ Tutors","Class 8–10 Science Home & Online Tutors in Phursungi, Pune","Book a 1-on-1 Class 8–10 Science tutor for home visits or online tuition in Phursungi, Pune",science tutor phursungi | science teacher phursungi pune | science home tuition phursungi | science tutor fursungi | science tutor phursungi road,Phursungi,Class 8–10 Science,Confirmed Class 8–10 Science faculty coverage for Phursungi (2.9 km road distance from Hadapsar HQ).,"Combines Class 8–10 Science-specific pedagogy (Class 10 Physics Units: Light Reflection & Refraction, Human Eye, Electricity, Magnetic Effects of Electric Current) with practical Phursungi road-commute scheduling (8–12 mins via Tukai Darshan / Phursungi Road).",/pune/phursungi/ | /subjects/science/ | /pune/ | /find-tutor/,Class 8–10 Science & Local Operations Reviewer
/pune/bhekrai-nagar/physics-tutors/,subject_locality,published,"Physics Tutors in Bhekrai Nagar, Pune (Home & Online) | Skill+ Tutors","Physics Home & Online Tutors in Bhekrai Nagar, Pune","Book a 1-on-1 Physics tutor for home visits or online tuition in Bhekrai Nagar, Pune",physics tutor bhekrai nagar | physics teacher bhekrai nagar pune | physics home tuition bhekrai nagar | physics tutor bhekrainagar | physics tutor bhekrai nagar phursungi,Bhekrai Nagar,Physics,Confirmed Physics faculty coverage for Bhekrai Nagar (1.4 km road distance from Hadapsar HQ).,"Combines Physics-specific pedagogy (Classical Mechanics: Kinematics, Laws of Motion, Work-Energy-Power, Rotational Dynamics, and Gravitation) with practical Bhekrai Nagar road-commute scheduling (4–7 mins from Saptrang Akash Office).",/pune/bhekrai-nagar/ | /subjects/physics/ | /pune/ | /find-tutor/,Physics & Local Operations Reviewer
/pune/bhekrai-nagar/chemistry-tutors/,subject_locality,published,"Chemistry Tutors in Bhekrai Nagar, Pune (Home & Online) | Skill+ Tutors","Chemistry Home & Online Tutors in Bhekrai Nagar, Pune","Book a 1-on-1 Chemistry tutor for home visits or online tuition in Bhekrai Nagar, Pune",chemistry tutor bhekrai nagar | chemistry teacher bhekrai nagar pune | chemistry home tuition bhekrai nagar | chemistry tutor bhekrainagar | chemistry tutor bhekrai nagar phursungi,Bhekrai Nagar,Chemistry,Confirmed Chemistry faculty coverage for Bhekrai Nagar (1.4 km road distance from Hadapsar HQ).,"Combines Chemistry-specific pedagogy (Organic Chemistry reaction mechanisms, named reactions, and GOC) with practical Bhekrai Nagar road-commute scheduling (4–7 mins from Saptrang Akash Office).",/pune/bhekrai-nagar/ | /subjects/chemistry/ | /pune/ | /find-tutor/,Chemistry & Local Operations Reviewer
/pune/bhekrai-nagar/maths-tutors/,subject_locality,published,"Mathematics Tutors in Bhekrai Nagar, Pune (Home & Online) | Skill+ Tutors","Mathematics Home & Online Tutors in Bhekrai Nagar, Pune","Book a 1-on-1 Mathematics tutor for home visits or online tuition in Bhekrai Nagar, Pune",mathematics tutor bhekrai nagar | mathematics teacher bhekrai nagar pune | mathematics home tuition bhekrai nagar | mathematics tutor bhekrainagar | mathematics tutor bhekrai nagar phursungi,Bhekrai Nagar,Mathematics,Confirmed Mathematics faculty coverage for Bhekrai Nagar (1.4 km road distance from Hadapsar HQ).,"Combines Mathematics-specific pedagogy (Class 8–10 Core: Linear & Quadratic Equations, Coordinate Geometry, Trigonometry, Mensuration, Triangles, Statistics & Probability) with practical Bhekrai Nagar road-commute scheduling (4–7 mins from Saptrang Akash Office).",/pune/bhekrai-nagar/ | /subjects/mathematics/ | /pune/ | /find-tutor/,Mathematics & Local Operations Reviewer
/pune/bhekrai-nagar/biology-tutors/,subject_locality,published,"Biology Tutors in Bhekrai Nagar, Pune (Home & Online) | Skill+ Tutors","Biology Home & Online Tutors in Bhekrai Nagar, Pune","Book a 1-on-1 Biology tutor for home visits or online tuition in Bhekrai Nagar, Pune",biology tutor bhekrai nagar | biology teacher bhekrai nagar pune | biology home tuition bhekrai nagar | biology tutor bhekrainagar | biology tutor bhekrai nagar phursungi,Bhekrai Nagar,Biology,Confirmed Biology faculty coverage for Bhekrai Nagar (1.4 km road distance from Hadapsar HQ).,"Combines Biology-specific pedagogy (Human & Plant Physiology: Digestion, Respiration, Circulation, Excretion, Neural/Chemical Coordination, Photosynthesis) with practical Bhekrai Nagar road-commute scheduling (4–7 mins from Saptrang Akash Office).",/pune/bhekrai-nagar/ | /subjects/biology/ | /pune/ | /find-tutor/,Biology & Local Operations Reviewer
/pune/bhekrai-nagar/science-tutors/,subject_locality,published,"Class 8–10 Science Tutors in Bhekrai Nagar, Pune (Home & Online) | Skill+ Tutors","Class 8–10 Science Home & Online Tutors in Bhekrai Nagar, Pune","Book a 1-on-1 Class 8–10 Science tutor for home visits or online tuition in Bhekrai Nagar, Pune",science tutor bhekrai nagar | science teacher bhekrai nagar pune | science home tuition bhekrai nagar | science tutor bhekrainagar | science tutor bhekrai nagar phursungi,Bhekrai Nagar,Class 8–10 Science,Confirmed Class 8–10 Science faculty coverage for Bhekrai Nagar (1.4 km road distance from Hadapsar HQ).,"Combines Class 8–10 Science-specific pedagogy (Class 10 Physics Units: Light Reflection & Refraction, Human Eye, Electricity, Magnetic Effects of Electric Current) with practical Bhekrai Nagar road-commute scheduling (4–7 mins from Saptrang Akash Office).",/pune/bhekrai-nagar/ | /subjects/science/ | /pune/ | /find-tutor/,Class 8–10 Science & Local Operations Reviewer
/pune/tukai-darshan/physics-tutors/,subject_locality,published,"Physics Tutors in Tukai Darshan, Pune (Home & Online) | Skill+ Tutors","Physics Home & Online Tutors in Tukai Darshan, Pune","Book a 1-on-1 Physics tutor for home visits or online tuition in Tukai Darshan, Pune",physics tutor tukai darshan | physics teacher tukai darshan pune | physics home tuition tukai darshan | physics tutor tukai darshan hadapsar | physics tutor tukai darshan phursungi,Tukai Darshan,Physics,Confirmed Physics faculty coverage for Tukai Darshan (0.3 km road distance from Hadapsar HQ).,"Combines Physics-specific pedagogy (Classical Mechanics: Kinematics, Laws of Motion, Work-Energy-Power, Rotational Dynamics, and Gravitation) with practical Tukai Darshan road-commute scheduling (1–4 mins walking/driving from Saptrang Akash).",/pune/tukai-darshan/ | /subjects/physics/ | /pune/ | /find-tutor/,Physics & Local Operations Reviewer
/pune/tukai-darshan/chemistry-tutors/,subject_locality,published,"Chemistry Tutors in Tukai Darshan, Pune (Home & Online) | Skill+ Tutors","Chemistry Home & Online Tutors in Tukai Darshan, Pune","Book a 1-on-1 Chemistry tutor for home visits or online tuition in Tukai Darshan, Pune",chemistry tutor tukai darshan | chemistry teacher tukai darshan pune | chemistry home tuition tukai darshan | chemistry tutor tukai darshan hadapsar | chemistry tutor tukai darshan phursungi,Tukai Darshan,Chemistry,Confirmed Chemistry faculty coverage for Tukai Darshan (0.3 km road distance from Hadapsar HQ).,"Combines Chemistry-specific pedagogy (Organic Chemistry reaction mechanisms, named reactions, and GOC) with practical Tukai Darshan road-commute scheduling (1–4 mins walking/driving from Saptrang Akash).",/pune/tukai-darshan/ | /subjects/chemistry/ | /pune/ | /find-tutor/,Chemistry & Local Operations Reviewer
/pune/tukai-darshan/maths-tutors/,subject_locality,published,"Mathematics Tutors in Tukai Darshan, Pune (Home & Online) | Skill+ Tutors","Mathematics Home & Online Tutors in Tukai Darshan, Pune","Book a 1-on-1 Mathematics tutor for home visits or online tuition in Tukai Darshan, Pune",mathematics tutor tukai darshan | mathematics teacher tukai darshan pune | mathematics home tuition tukai darshan | mathematics tutor tukai darshan hadapsar | mathematics tutor tukai darshan phursungi,Tukai Darshan,Mathematics,Confirmed Mathematics faculty coverage for Tukai Darshan (0.3 km road distance from Hadapsar HQ).,"Combines Mathematics-specific pedagogy (Class 8–10 Core: Linear & Quadratic Equations, Coordinate Geometry, Trigonometry, Mensuration, Triangles, Statistics & Probability) with practical Tukai Darshan road-commute scheduling (1–4 mins walking/driving from Saptrang Akash).",/pune/tukai-darshan/ | /subjects/mathematics/ | /pune/ | /find-tutor/,Mathematics & Local Operations Reviewer
/pune/tukai-darshan/biology-tutors/,subject_locality,published,"Biology Tutors in Tukai Darshan, Pune (Home & Online) | Skill+ Tutors","Biology Home & Online Tutors in Tukai Darshan, Pune","Book a 1-on-1 Biology tutor for home visits or online tuition in Tukai Darshan, Pune",biology tutor tukai darshan | biology teacher tukai darshan pune | biology home tuition tukai darshan | biology tutor tukai darshan hadapsar | biology tutor tukai darshan phursungi,Tukai Darshan,Biology,Confirmed Biology faculty coverage for Tukai Darshan (0.3 km road distance from Hadapsar HQ).,"Combines Biology-specific pedagogy (Human & Plant Physiology: Digestion, Respiration, Circulation, Excretion, Neural/Chemical Coordination, Photosynthesis) with practical Tukai Darshan road-commute scheduling (1–4 mins walking/driving from Saptrang Akash).",/pune/tukai-darshan/ | /subjects/biology/ | /pune/ | /find-tutor/,Biology & Local Operations Reviewer
/pune/tukai-darshan/science-tutors/,subject_locality,published,"Class 8–10 Science Tutors in Tukai Darshan, Pune (Home & Online) | Skill+ Tutors","Class 8–10 Science Home & Online Tutors in Tukai Darshan, Pune","Book a 1-on-1 Class 8–10 Science tutor for home visits or online tuition in Tukai Darshan, Pune",science tutor tukai darshan | science teacher tukai darshan pune | science home tuition tukai darshan | science tutor tukai darshan hadapsar | science tutor tukai darshan phursungi,Tukai Darshan,Class 8–10 Science,Confirmed Class 8–10 Science faculty coverage for Tukai Darshan (0.3 km road distance from Hadapsar HQ).,"Combines Class 8–10 Science-specific pedagogy (Class 10 Physics Units: Light Reflection & Refraction, Human Eye, Electricity, Magnetic Effects of Electric Current) with practical Tukai Darshan road-commute scheduling (1–4 mins walking/driving from Saptrang Akash).",/pune/tukai-darshan/ | /subjects/science/ | /pune/ | /find-tutor/,Class 8–10 Science & Local Operations Reviewer
/pune/papde-wasti/maths-tutors/,subject_locality,reviewed,"Mathematics Tutors in Papde Wasti, Pune (Home & Online) | Skill+ Tutors","Mathematics Home & Online Tutors in Papde Wasti, Pune","Book a 1-on-1 Mathematics tutor for home visits or online tuition in Papde Wasti, Pune",mathematics tutor papde wasti | mathematics teacher papde wasti pune | mathematics home tuition papde wasti | mathematics tutor papdewasti | mathematics tutor papde wasti phursungi,Papde Wasti,Mathematics,Confirmed Mathematics faculty coverage for Papde Wasti (0.9 km road distance from Hadapsar HQ).,"Combines Mathematics-specific pedagogy (Class 8–10 Core: Linear & Quadratic Equations, Coordinate Geometry, Trigonometry, Mensuration, Triangles, Statistics & Probability) with practical Papde Wasti road-commute scheduling (3–6 mins from Saptrang Akash HQ).",/pune/papde-wasti/ | /subjects/mathematics/ | /pune/ | /find-tutor/,Mathematics & Local Operations Reviewer
/pune/papde-wasti/science-tutors/,subject_locality,reviewed,"Class 8–10 Science Tutors in Papde Wasti, Pune (Home & Online) | Skill+ Tutors","Class 8–10 Science Home & Online Tutors in Papde Wasti, Pune","Book a 1-on-1 Class 8–10 Science tutor for home visits or online tuition in Papde Wasti, Pune",science tutor papde wasti | science teacher papde wasti pune | science home tuition papde wasti | science tutor papdewasti | science tutor papde wasti phursungi,Papde Wasti,Class 8–10 Science,Confirmed Class 8–10 Science faculty coverage for Papde Wasti (0.9 km road distance from Hadapsar HQ).,"Combines Class 8–10 Science-specific pedagogy (Class 10 Physics Units: Light Reflection & Refraction, Human Eye, Electricity, Magnetic Effects of Electric Current) with practical Papde Wasti road-commute scheduling (3–6 mins from Saptrang Akash HQ).",/pune/papde-wasti/ | /subjects/science/ | /pune/ | /find-tutor/,Class 8–10 Science & Local Operations Reviewer
/pune/papde-wasti/physics-tutors/,subject_locality,reviewed,"Physics Tutors in Papde Wasti, Pune (Home & Online) | Skill+ Tutors","Physics Home & Online Tutors in Papde Wasti, Pune","Book a 1-on-1 Physics tutor for home visits or online tuition in Papde Wasti, Pune",physics tutor papde wasti | physics teacher papde wasti pune | physics home tuition papde wasti | physics tutor papdewasti | physics tutor papde wasti phursungi,Papde Wasti,Physics,Confirmed Physics faculty coverage for Papde Wasti (0.9 km road distance from Hadapsar HQ).,"Combines Physics-specific pedagogy (Classical Mechanics: Kinematics, Laws of Motion, Work-Energy-Power, Rotational Dynamics, and Gravitation) with practical Papde Wasti road-commute scheduling (3–6 mins from Saptrang Akash HQ).",/pune/papde-wasti/ | /subjects/physics/ | /pune/ | /find-tutor/,Physics & Local Operations Reviewer
/pune/papde-wasti/chemistry-tutors/,subject_locality,reviewed,"Chemistry Tutors in Papde Wasti, Pune (Home & Online) | Skill+ Tutors","Chemistry Home & Online Tutors in Papde Wasti, Pune","Book a 1-on-1 Chemistry tutor for home visits or online tuition in Papde Wasti, Pune",chemistry tutor papde wasti | chemistry teacher papde wasti pune | chemistry home tuition papde wasti | chemistry tutor papdewasti | chemistry tutor papde wasti phursungi,Papde Wasti,Chemistry,Confirmed Chemistry faculty coverage for Papde Wasti (0.9 km road distance from Hadapsar HQ).,"Combines Chemistry-specific pedagogy (Organic Chemistry reaction mechanisms, named reactions, and GOC) with practical Papde Wasti road-commute scheduling (3–6 mins from Saptrang Akash HQ).",/pune/papde-wasti/ | /subjects/chemistry/ | /pune/ | /find-tutor/,Chemistry & Local Operations Reviewer
/pune/papde-wasti/biology-tutors/,subject_locality,reviewed,"Biology Tutors in Papde Wasti, Pune (Home & Online) | Skill+ Tutors","Biology Home & Online Tutors in Papde Wasti, Pune","Book a 1-on-1 Biology tutor for home visits or online tuition in Papde Wasti, Pune",biology tutor papde wasti | biology teacher papde wasti pune | biology home tuition papde wasti | biology tutor papdewasti | biology tutor papde wasti phursungi,Papde Wasti,Biology,Confirmed Biology faculty coverage for Papde Wasti (0.9 km road distance from Hadapsar HQ).,"Combines Biology-specific pedagogy (Human & Plant Physiology: Digestion, Respiration, Circulation, Excretion, Neural/Chemical Coordination, Photosynthesis) with practical Papde Wasti road-commute scheduling (3–6 mins from Saptrang Akash HQ).",/pune/papde-wasti/ | /subjects/biology/ | /pune/ | /find-tutor/,Biology & Local Operations Reviewer
/pune/shewalewadi/physics-tutors/,subject_locality,published,"Physics Tutors in Shewalewadi, Pune (Home & Online) | Skill+ Tutors","Physics Home & Online Tutors in Shewalewadi, Pune","Book a 1-on-1 Physics tutor for home visits or online tuition in Shewalewadi, Pune",physics tutor shewalewadi | physics teacher shewalewadi pune | physics home tuition shewalewadi | physics tutor shewalewadi solapur road,Shewalewadi,Physics,Confirmed Physics faculty coverage for Shewalewadi (3.5 km road distance from Hadapsar HQ).,"Combines Physics-specific pedagogy (Classical Mechanics: Kinematics, Laws of Motion, Work-Energy-Power, Rotational Dynamics, and Gravitation) with practical Shewalewadi road-commute scheduling (9–14 mins via NH-65 Solapur Highway).",/pune/shewalewadi/ | /subjects/physics/ | /pune/ | /find-tutor/,Physics & Local Operations Reviewer
/pune/shewalewadi/chemistry-tutors/,subject_locality,published,"Chemistry Tutors in Shewalewadi, Pune (Home & Online) | Skill+ Tutors","Chemistry Home & Online Tutors in Shewalewadi, Pune","Book a 1-on-1 Chemistry tutor for home visits or online tuition in Shewalewadi, Pune",chemistry tutor shewalewadi | chemistry teacher shewalewadi pune | chemistry home tuition shewalewadi | chemistry tutor shewalewadi solapur road,Shewalewadi,Chemistry,Confirmed Chemistry faculty coverage for Shewalewadi (3.5 km road distance from Hadapsar HQ).,"Combines Chemistry-specific pedagogy (Organic Chemistry reaction mechanisms, named reactions, and GOC) with practical Shewalewadi road-commute scheduling (9–14 mins via NH-65 Solapur Highway).",/pune/shewalewadi/ | /subjects/chemistry/ | /pune/ | /find-tutor/,Chemistry & Local Operations Reviewer
/pune/shewalewadi/maths-tutors/,subject_locality,published,"Mathematics Tutors in Shewalewadi, Pune (Home & Online) | Skill+ Tutors","Mathematics Home & Online Tutors in Shewalewadi, Pune","Book a 1-on-1 Mathematics tutor for home visits or online tuition in Shewalewadi, Pune",mathematics tutor shewalewadi | mathematics teacher shewalewadi pune | mathematics home tuition shewalewadi | mathematics tutor shewalewadi solapur road,Shewalewadi,Mathematics,Confirmed Mathematics faculty coverage for Shewalewadi (3.5 km road distance from Hadapsar HQ).,"Combines Mathematics-specific pedagogy (Class 8–10 Core: Linear & Quadratic Equations, Coordinate Geometry, Trigonometry, Mensuration, Triangles, Statistics & Probability) with practical Shewalewadi road-commute scheduling (9–14 mins via NH-65 Solapur Highway).",/pune/shewalewadi/ | /subjects/mathematics/ | /pune/ | /find-tutor/,Mathematics & Local Operations Reviewer
/pune/shewalewadi/biology-tutors/,subject_locality,published,"Biology Tutors in Shewalewadi, Pune (Home & Online) | Skill+ Tutors","Biology Home & Online Tutors in Shewalewadi, Pune","Book a 1-on-1 Biology tutor for home visits or online tuition in Shewalewadi, Pune",biology tutor shewalewadi | biology teacher shewalewadi pune | biology home tuition shewalewadi | biology tutor shewalewadi solapur road,Shewalewadi,Biology,Confirmed Biology faculty coverage for Shewalewadi (3.5 km road distance from Hadapsar HQ).,"Combines Biology-specific pedagogy (Human & Plant Physiology: Digestion, Respiration, Circulation, Excretion, Neural/Chemical Coordination, Photosynthesis) with practical Shewalewadi road-commute scheduling (9–14 mins via NH-65 Solapur Highway).",/pune/shewalewadi/ | /subjects/biology/ | /pune/ | /find-tutor/,Biology & Local Operations Reviewer
/pune/shewalewadi/science-tutors/,subject_locality,published,"Class 8–10 Science Tutors in Shewalewadi, Pune (Home & Online) | Skill+ Tutors","Class 8–10 Science Home & Online Tutors in Shewalewadi, Pune","Book a 1-on-1 Class 8–10 Science tutor for home visits or online tuition in Shewalewadi, Pune",science tutor shewalewadi | science teacher shewalewadi pune | science home tuition shewalewadi | science tutor shewalewadi solapur road,Shewalewadi,Class 8–10 Science,Confirmed Class 8–10 Science faculty coverage for Shewalewadi (3.5 km road distance from Hadapsar HQ).,"Combines Class 8–10 Science-specific pedagogy (Class 10 Physics Units: Light Reflection & Refraction, Human Eye, Electricity, Magnetic Effects of Electric Current) with practical Shewalewadi road-commute scheduling (9–14 mins via NH-65 Solapur Highway).",/pune/shewalewadi/ | /subjects/science/ | /pune/ | /find-tutor/,Class 8–10 Science & Local Operations Reviewer
/pune/manjari-budruk/physics-tutors/,subject_locality,published,"Physics Tutors in Manjari Budruk, Pune (Home & Online) | Skill+ Tutors","Physics Home & Online Tutors in Manjari Budruk, Pune","Book a 1-on-1 Physics tutor for home visits or online tuition in Manjari Budruk, Pune",physics tutor manjari budruk | physics teacher manjari budruk pune | physics home tuition manjari budruk | physics tutor manjari | physics tutor manjri | physics tutor manjari bk,Manjari Budruk,Physics,Confirmed Physics faculty coverage for Manjari Budruk (5.8 km road distance from Hadapsar HQ).,"Combines Physics-specific pedagogy (Classical Mechanics: Kinematics, Laws of Motion, Work-Energy-Power, Rotational Dynamics, and Gravitation) with practical Manjari Budruk road-commute scheduling (15–22 mins via Manjari Road from NH-65).",/pune/manjari-budruk/ | /subjects/physics/ | /pune/ | /find-tutor/,Physics & Local Operations Reviewer
/pune/manjari-budruk/chemistry-tutors/,subject_locality,published,"Chemistry Tutors in Manjari Budruk, Pune (Home & Online) | Skill+ Tutors","Chemistry Home & Online Tutors in Manjari Budruk, Pune","Book a 1-on-1 Chemistry tutor for home visits or online tuition in Manjari Budruk, Pune",chemistry tutor manjari budruk | chemistry teacher manjari budruk pune | chemistry home tuition manjari budruk | chemistry tutor manjari | chemistry tutor manjri | chemistry tutor manjari bk,Manjari Budruk,Chemistry,Confirmed Chemistry faculty coverage for Manjari Budruk (5.8 km road distance from Hadapsar HQ).,"Combines Chemistry-specific pedagogy (Organic Chemistry reaction mechanisms, named reactions, and GOC) with practical Manjari Budruk road-commute scheduling (15–22 mins via Manjari Road from NH-65).",/pune/manjari-budruk/ | /subjects/chemistry/ | /pune/ | /find-tutor/,Chemistry & Local Operations Reviewer
/pune/manjari-budruk/maths-tutors/,subject_locality,published,"Mathematics Tutors in Manjari Budruk, Pune (Home & Online) | Skill+ Tutors","Mathematics Home & Online Tutors in Manjari Budruk, Pune","Book a 1-on-1 Mathematics tutor for home visits or online tuition in Manjari Budruk, Pune",mathematics tutor manjari budruk | mathematics teacher manjari budruk pune | mathematics home tuition manjari budruk | mathematics tutor manjari | mathematics tutor manjri | mathematics tutor manjari bk,Manjari Budruk,Mathematics,Confirmed Mathematics faculty coverage for Manjari Budruk (5.8 km road distance from Hadapsar HQ).,"Combines Mathematics-specific pedagogy (Class 8–10 Core: Linear & Quadratic Equations, Coordinate Geometry, Trigonometry, Mensuration, Triangles, Statistics & Probability) with practical Manjari Budruk road-commute scheduling (15–22 mins via Manjari Road from NH-65).",/pune/manjari-budruk/ | /subjects/mathematics/ | /pune/ | /find-tutor/,Mathematics & Local Operations Reviewer
/pune/manjari-budruk/biology-tutors/,subject_locality,published,"Biology Tutors in Manjari Budruk, Pune (Home & Online) | Skill+ Tutors","Biology Home & Online Tutors in Manjari Budruk, Pune","Book a 1-on-1 Biology tutor for home visits or online tuition in Manjari Budruk, Pune",biology tutor manjari budruk | biology teacher manjari budruk pune | biology home tuition manjari budruk | biology tutor manjari | biology tutor manjri | biology tutor manjari bk,Manjari Budruk,Biology,Confirmed Biology faculty coverage for Manjari Budruk (5.8 km road distance from Hadapsar HQ).,"Combines Biology-specific pedagogy (Human & Plant Physiology: Digestion, Respiration, Circulation, Excretion, Neural/Chemical Coordination, Photosynthesis) with practical Manjari Budruk road-commute scheduling (15–22 mins via Manjari Road from NH-65).",/pune/manjari-budruk/ | /subjects/biology/ | /pune/ | /find-tutor/,Biology & Local Operations Reviewer
/pune/manjari-budruk/science-tutors/,subject_locality,published,"Class 8–10 Science Tutors in Manjari Budruk, Pune (Home & Online) | Skill+ Tutors","Class 8–10 Science Home & Online Tutors in Manjari Budruk, Pune","Book a 1-on-1 Class 8–10 Science tutor for home visits or online tuition in Manjari Budruk, Pune",science tutor manjari budruk | science teacher manjari budruk pune | science home tuition manjari budruk | science tutor manjari | science tutor manjri | science tutor manjari bk,Manjari Budruk,Class 8–10 Science,Confirmed Class 8–10 Science faculty coverage for Manjari Budruk (5.8 km road distance from Hadapsar HQ).,"Combines Class 8–10 Science-specific pedagogy (Class 10 Physics Units: Light Reflection & Refraction, Human Eye, Electricity, Magnetic Effects of Electric Current) with practical Manjari Budruk road-commute scheduling (15–22 mins via Manjari Road from NH-65).",/pune/manjari-budruk/ | /subjects/science/ | /pune/ | /find-tutor/,Class 8–10 Science & Local Operations Reviewer
/pune/uruli-devachi/maths-tutors/,subject_locality,reviewed,"Mathematics Tutors in Uruli Devachi, Pune (Home & Online) | Skill+ Tutors","Mathematics Home & Online Tutors in Uruli Devachi, Pune","Book a 1-on-1 Mathematics tutor for home visits or online tuition in Uruli Devachi, Pune",mathematics tutor uruli devachi | mathematics teacher uruli devachi pune | mathematics home tuition uruli devachi | mathematics tutor urali devachi | mathematics tutor uruli devachi phata,Uruli Devachi,Mathematics,Confirmed Mathematics faculty coverage for Uruli Devachi (5 km road distance from Hadapsar HQ).,"Combines Mathematics-specific pedagogy (Class 8–10 Core: Linear & Quadratic Equations, Coordinate Geometry, Trigonometry, Mensuration, Triangles, Statistics & Probability) with practical Uruli Devachi road-commute scheduling (12–18 mins via Pune-Saswad Road).",/pune/uruli-devachi/ | /subjects/mathematics/ | /pune/ | /find-tutor/,Mathematics & Local Operations Reviewer
/pune/uruli-devachi/science-tutors/,subject_locality,reviewed,"Class 8–10 Science Tutors in Uruli Devachi, Pune (Home & Online) | Skill+ Tutors","Class 8–10 Science Home & Online Tutors in Uruli Devachi, Pune","Book a 1-on-1 Class 8–10 Science tutor for home visits or online tuition in Uruli Devachi, Pune",science tutor uruli devachi | science teacher uruli devachi pune | science home tuition uruli devachi | science tutor urali devachi | science tutor uruli devachi phata,Uruli Devachi,Class 8–10 Science,Confirmed Class 8–10 Science faculty coverage for Uruli Devachi (5 km road distance from Hadapsar HQ).,"Combines Class 8–10 Science-specific pedagogy (Class 10 Physics Units: Light Reflection & Refraction, Human Eye, Electricity, Magnetic Effects of Electric Current) with practical Uruli Devachi road-commute scheduling (12–18 mins via Pune-Saswad Road).",/pune/uruli-devachi/ | /subjects/science/ | /pune/ | /find-tutor/,Class 8–10 Science & Local Operations Reviewer
/pune/uruli-devachi/physics-tutors/,subject_locality,reviewed,"Physics Tutors in Uruli Devachi, Pune (Home & Online) | Skill+ Tutors","Physics Home & Online Tutors in Uruli Devachi, Pune","Book a 1-on-1 Physics tutor for home visits or online tuition in Uruli Devachi, Pune",physics tutor uruli devachi | physics teacher uruli devachi pune | physics home tuition uruli devachi | physics tutor urali devachi | physics tutor uruli devachi phata,Uruli Devachi,Physics,Confirmed Physics faculty coverage for Uruli Devachi (5 km road distance from Hadapsar HQ).,"Combines Physics-specific pedagogy (Classical Mechanics: Kinematics, Laws of Motion, Work-Energy-Power, Rotational Dynamics, and Gravitation) with practical Uruli Devachi road-commute scheduling (12–18 mins via Pune-Saswad Road).",/pune/uruli-devachi/ | /subjects/physics/ | /pune/ | /find-tutor/,Physics & Local Operations Reviewer
/pune/uruli-devachi/chemistry-tutors/,subject_locality,reviewed,"Chemistry Tutors in Uruli Devachi, Pune (Home & Online) | Skill+ Tutors","Chemistry Home & Online Tutors in Uruli Devachi, Pune","Book a 1-on-1 Chemistry tutor for home visits or online tuition in Uruli Devachi, Pune",chemistry tutor uruli devachi | chemistry teacher uruli devachi pune | chemistry home tuition uruli devachi | chemistry tutor urali devachi | chemistry tutor uruli devachi phata,Uruli Devachi,Chemistry,Confirmed Chemistry faculty coverage for Uruli Devachi (5 km road distance from Hadapsar HQ).,"Combines Chemistry-specific pedagogy (Organic Chemistry reaction mechanisms, named reactions, and GOC) with practical Uruli Devachi road-commute scheduling (12–18 mins via Pune-Saswad Road).",/pune/uruli-devachi/ | /subjects/chemistry/ | /pune/ | /find-tutor/,Chemistry & Local Operations Reviewer
/pune/uruli-devachi/biology-tutors/,subject_locality,reviewed,"Biology Tutors in Uruli Devachi, Pune (Home & Online) | Skill+ Tutors","Biology Home & Online Tutors in Uruli Devachi, Pune","Book a 1-on-1 Biology tutor for home visits or online tuition in Uruli Devachi, Pune",biology tutor uruli devachi | biology teacher uruli devachi pune | biology home tuition uruli devachi | biology tutor urali devachi | biology tutor uruli devachi phata,Uruli Devachi,Biology,Confirmed Biology faculty coverage for Uruli Devachi (5 km road distance from Hadapsar HQ).,"Combines Biology-specific pedagogy (Human & Plant Physiology: Digestion, Respiration, Circulation, Excretion, Neural/Chemical Coordination, Photosynthesis) with practical Uruli Devachi road-commute scheduling (12–18 mins via Pune-Saswad Road).",/pune/uruli-devachi/ | /subjects/biology/ | /pune/ | /find-tutor/,Biology & Local Operations Reviewer
/pune/hadapsar/neet-tutors/,exam_locality,published,"NEET Tutors in Hadapsar, Pune (1-on-1 Home & Online) | Skill+ Tutors","NEET UG Medical Entrance Tutors in Hadapsar, Pune","Find 1-on-1 NEET preparation tutors for home or online tuition in Hadapsar, Pune",neet tutors in hadapsar | neet home tuition hadapsar pune | neet coaching hadapsar,Hadapsar,NEET UG Medical Entrance,Verified NEET programme combined with Hadapsar road coverage (4.6 km).,Targeted NEET UG Medical Entrance preparation plan for students in Hadapsar balancing school/board schedules with exam drills.,/pune/hadapsar/ | /neet/ | /find-tutor/,Competitive & Board Exam Reviewer
/pune/hadapsar/jee-tutors/,exam_locality,published,"JEE Tutors in Hadapsar, Pune (1-on-1 Home & Online) | Skill+ Tutors","IIT-JEE (Main & Advanced) Tutors in Hadapsar, Pune","Find 1-on-1 JEE preparation tutors for home or online tuition in Hadapsar, Pune",jee tutors in hadapsar | jee home tuition hadapsar pune | jee coaching hadapsar,Hadapsar,IIT-JEE (Main & Advanced),Verified JEE programme combined with Hadapsar road coverage (4.6 km).,Targeted IIT-JEE (Main & Advanced) preparation plan for students in Hadapsar balancing school/board schedules with exam drills.,/pune/hadapsar/ | /jee/ | /find-tutor/,Competitive & Board Exam Reviewer
/pune/hadapsar/cbse-tutors/,exam_locality,published,"CBSE Tutors in Hadapsar, Pune (1-on-1 Home & Online) | Skill+ Tutors","CBSE Board (Class 8–12) Tutors in Hadapsar, Pune","Find 1-on-1 CBSE preparation tutors for home or online tuition in Hadapsar, Pune",cbse tutors in hadapsar | cbse home tuition hadapsar pune | cbse coaching hadapsar,Hadapsar,CBSE Board (Class 8–12),Verified CBSE programme combined with Hadapsar road coverage (4.6 km).,Targeted CBSE Board (Class 8–12) preparation plan for students in Hadapsar balancing school/board schedules with exam drills.,/pune/hadapsar/ | /boards/cbse/ | /find-tutor/,Competitive & Board Exam Reviewer
/pune/hadapsar/ssc-tutors/,exam_locality,published,"10th Board / SSC Tutors in Hadapsar, Pune (1-on-1 Home & Online) | Skill+ Tutors","Maharashtra SSC & Class 10 Board Tutors in Hadapsar, Pune","Find 1-on-1 10th Board / SSC preparation tutors for home or online tuition in Hadapsar, Pune",ssc tutors in hadapsar | ssc home tuition hadapsar pune | 10th board / ssc coaching hadapsar,Hadapsar,Maharashtra SSC & Class 10 Board,Verified 10th Board / SSC programme combined with Hadapsar road coverage (4.6 km).,Targeted Maharashtra SSC & Class 10 Board preparation plan for students in Hadapsar balancing school/board schedules with exam drills.,/pune/hadapsar/ | /10th-board/ | /find-tutor/,Competitive & Board Exam Reviewer
/pune/hadapsar/hsc-tutors/,exam_locality,published,"12th Board / HSC Tutors in Hadapsar, Pune (1-on-1 Home & Online) | Skill+ Tutors","Maharashtra HSC & Class 12 Science Board Tutors in Hadapsar, Pune","Find 1-on-1 12th Board / HSC preparation tutors for home or online tuition in Hadapsar, Pune",hsc tutors in hadapsar | hsc home tuition hadapsar pune | 12th board / hsc coaching hadapsar,Hadapsar,Maharashtra HSC & Class 12 Science Board,Verified 12th Board / HSC programme combined with Hadapsar road coverage (4.6 km).,Targeted Maharashtra HSC & Class 12 Science Board preparation plan for students in Hadapsar balancing school/board schedules with exam drills.,/pune/hadapsar/ | /12th-board/ | /find-tutor/,Competitive & Board Exam Reviewer
/pune/magarpatta-city/jee-tutors/,exam_locality,published,"JEE Tutors in Magarpatta City, Pune (1-on-1 Home & Online) | Skill+ Tutors","IIT-JEE (Main & Advanced) Tutors in Magarpatta City, Pune","Find 1-on-1 JEE preparation tutors for home or online tuition in Magarpatta City, Pune",jee tutors in magarpatta city | jee home tuition magarpatta city pune | jee coaching magarpatta city,Magarpatta City,IIT-JEE (Main & Advanced),Verified JEE programme combined with Magarpatta City road coverage (5.5 km).,Targeted IIT-JEE (Main & Advanced) preparation plan for students in Magarpatta City balancing school/board schedules with exam drills.,/pune/magarpatta-city/ | /jee/ | /find-tutor/,Competitive & Board Exam Reviewer
/pune/magarpatta-city/neet-tutors/,exam_locality,published,"NEET Tutors in Magarpatta City, Pune (1-on-1 Home & Online) | Skill+ Tutors","NEET UG Medical Entrance Tutors in Magarpatta City, Pune","Find 1-on-1 NEET preparation tutors for home or online tuition in Magarpatta City, Pune",neet tutors in magarpatta city | neet home tuition magarpatta city pune | neet coaching magarpatta city,Magarpatta City,NEET UG Medical Entrance,Verified NEET programme combined with Magarpatta City road coverage (5.5 km).,Targeted NEET UG Medical Entrance preparation plan for students in Magarpatta City balancing school/board schedules with exam drills.,/pune/magarpatta-city/ | /neet/ | /find-tutor/,Competitive & Board Exam Reviewer
/pune/magarpatta-city/cbse-tutors/,exam_locality,published,"CBSE Tutors in Magarpatta City, Pune (1-on-1 Home & Online) | Skill+ Tutors","CBSE Board (Class 8–12) Tutors in Magarpatta City, Pune","Find 1-on-1 CBSE preparation tutors for home or online tuition in Magarpatta City, Pune",cbse tutors in magarpatta city | cbse home tuition magarpatta city pune | cbse coaching magarpatta city,Magarpatta City,CBSE Board (Class 8–12),Verified CBSE programme combined with Magarpatta City road coverage (5.5 km).,Targeted CBSE Board (Class 8–12) preparation plan for students in Magarpatta City balancing school/board schedules with exam drills.,/pune/magarpatta-city/ | /boards/cbse/ | /find-tutor/,Competitive & Board Exam Reviewer
/pune/magarpatta-city/icse-tutors/,exam_locality,published,"ICSE Tutors in Magarpatta City, Pune (1-on-1 Home & Online) | Skill+ Tutors","ICSE & ISC Board (Class 8–12) Tutors in Magarpatta City, Pune","Find 1-on-1 ICSE preparation tutors for home or online tuition in Magarpatta City, Pune",icse tutors in magarpatta city | icse home tuition magarpatta city pune | icse coaching magarpatta city,Magarpatta City,ICSE & ISC Board (Class 8–12),Verified ICSE programme combined with Magarpatta City road coverage (5.5 km).,Targeted ICSE & ISC Board (Class 8–12) preparation plan for students in Magarpatta City balancing school/board schedules with exam drills.,/pune/magarpatta-city/ | /boards/icse/ | /find-tutor/,Competitive & Board Exam Reviewer
/pune/amanora-park-town/jee-tutors/,exam_locality,published,"JEE Tutors in Amanora Park Town, Pune (1-on-1 Home & Online) | Skill+ Tutors","IIT-JEE (Main & Advanced) Tutors in Amanora Park Town, Pune","Find 1-on-1 JEE preparation tutors for home or online tuition in Amanora Park Town, Pune",jee tutors in amanora park town | jee home tuition amanora park town pune | jee coaching amanora park town,Amanora Park Town,IIT-JEE (Main & Advanced),Verified JEE programme combined with Amanora Park Town road coverage (5.2 km).,Targeted IIT-JEE (Main & Advanced) preparation plan for students in Amanora Park Town balancing school/board schedules with exam drills.,/pune/amanora-park-town/ | /jee/ | /find-tutor/,Competitive & Board Exam Reviewer
/pune/amanora-park-town/neet-tutors/,exam_locality,published,"NEET Tutors in Amanora Park Town, Pune (1-on-1 Home & Online) | Skill+ Tutors","NEET UG Medical Entrance Tutors in Amanora Park Town, Pune","Find 1-on-1 NEET preparation tutors for home or online tuition in Amanora Park Town, Pune",neet tutors in amanora park town | neet home tuition amanora park town pune | neet coaching amanora park town,Amanora Park Town,NEET UG Medical Entrance,Verified NEET programme combined with Amanora Park Town road coverage (5.2 km).,Targeted NEET UG Medical Entrance preparation plan for students in Amanora Park Town balancing school/board schedules with exam drills.,/pune/amanora-park-town/ | /neet/ | /find-tutor/,Competitive & Board Exam Reviewer
/pune/amanora-park-town/cbse-tutors/,exam_locality,published,"CBSE Tutors in Amanora Park Town, Pune (1-on-1 Home & Online) | Skill+ Tutors","CBSE Board (Class 8–12) Tutors in Amanora Park Town, Pune","Find 1-on-1 CBSE preparation tutors for home or online tuition in Amanora Park Town, Pune",cbse tutors in amanora park town | cbse home tuition amanora park town pune | cbse coaching amanora park town,Amanora Park Town,CBSE Board (Class 8–12),Verified CBSE programme combined with Amanora Park Town road coverage (5.2 km).,Targeted CBSE Board (Class 8–12) preparation plan for students in Amanora Park Town balancing school/board schedules with exam drills.,/pune/amanora-park-town/ | /boards/cbse/ | /find-tutor/,Competitive & Board Exam Reviewer
/pune/amanora-park-town/icse-tutors/,exam_locality,published,"ICSE Tutors in Amanora Park Town, Pune (1-on-1 Home & Online) | Skill+ Tutors","ICSE & ISC Board (Class 8–12) Tutors in Amanora Park Town, Pune","Find 1-on-1 ICSE preparation tutors for home or online tuition in Amanora Park Town, Pune",icse tutors in amanora park town | icse home tuition amanora park town pune | icse coaching amanora park town,Amanora Park Town,ICSE & ISC Board (Class 8–12),Verified ICSE programme combined with Amanora Park Town road coverage (5.2 km).,Targeted ICSE & ISC Board (Class 8–12) preparation plan for students in Amanora Park Town balancing school/board schedules with exam drills.,/pune/amanora-park-town/ | /boards/icse/ | /find-tutor/,Competitive & Board Exam Reviewer
/pune/undri/neet-tutors/,exam_locality,published,"NEET Tutors in Undri, Pune (1-on-1 Home & Online) | Skill+ Tutors","NEET UG Medical Entrance Tutors in Undri, Pune","Find 1-on-1 NEET preparation tutors for home or online tuition in Undri, Pune",neet tutors in undri | neet home tuition undri pune | neet coaching undri,Undri,NEET UG Medical Entrance,Verified NEET programme combined with Undri road coverage (6.4 km).,Targeted NEET UG Medical Entrance preparation plan for students in Undri balancing school/board schedules with exam drills.,/pune/undri/ | /neet/ | /find-tutor/,Competitive & Board Exam Reviewer
/pune/undri/jee-tutors/,exam_locality,published,"JEE Tutors in Undri, Pune (1-on-1 Home & Online) | Skill+ Tutors","IIT-JEE (Main & Advanced) Tutors in Undri, Pune","Find 1-on-1 JEE preparation tutors for home or online tuition in Undri, Pune",jee tutors in undri | jee home tuition undri pune | jee coaching undri,Undri,IIT-JEE (Main & Advanced),Verified JEE programme combined with Undri road coverage (6.4 km).,Targeted IIT-JEE (Main & Advanced) preparation plan for students in Undri balancing school/board schedules with exam drills.,/pune/undri/ | /jee/ | /find-tutor/,Competitive & Board Exam Reviewer
/pune/undri/cbse-tutors/,exam_locality,published,"CBSE Tutors in Undri, Pune (1-on-1 Home & Online) | Skill+ Tutors","CBSE Board (Class 8–12) Tutors in Undri, Pune","Find 1-on-1 CBSE preparation tutors for home or online tuition in Undri, Pune",cbse tutors in undri | cbse home tuition undri pune | cbse coaching undri,Undri,CBSE Board (Class 8–12),Verified CBSE programme combined with Undri road coverage (6.4 km).,Targeted CBSE Board (Class 8–12) preparation plan for students in Undri balancing school/board schedules with exam drills.,/pune/undri/ | /boards/cbse/ | /find-tutor/,Competitive & Board Exam Reviewer
/pune/undri/icse-tutors/,exam_locality,published,"ICSE Tutors in Undri, Pune (1-on-1 Home & Online) | Skill+ Tutors","ICSE & ISC Board (Class 8–12) Tutors in Undri, Pune","Find 1-on-1 ICSE preparation tutors for home or online tuition in Undri, Pune",icse tutors in undri | icse home tuition undri pune | icse coaching undri,Undri,ICSE & ISC Board (Class 8–12),Verified ICSE programme combined with Undri road coverage (6.4 km).,Targeted ICSE & ISC Board (Class 8–12) preparation plan for students in Undri balancing school/board schedules with exam drills.,/pune/undri/ | /boards/icse/ | /find-tutor/,Competitive & Board Exam Reviewer
/pune/wanowrie/neet-tutors/,exam_locality,published,"NEET Tutors in Wanowrie, Pune (1-on-1 Home & Online) | Skill+ Tutors","NEET UG Medical Entrance Tutors in Wanowrie, Pune","Find 1-on-1 NEET preparation tutors for home or online tuition in Wanowrie, Pune",neet tutors in wanowrie | neet home tuition wanowrie pune | neet coaching wanowrie,Wanowrie,NEET UG Medical Entrance,Verified NEET programme combined with Wanowrie road coverage (6.8 km).,Targeted NEET UG Medical Entrance preparation plan for students in Wanowrie balancing school/board schedules with exam drills.,/pune/wanowrie/ | /neet/ | /find-tutor/,Competitive & Board Exam Reviewer
/pune/wanowrie/jee-tutors/,exam_locality,published,"JEE Tutors in Wanowrie, Pune (1-on-1 Home & Online) | Skill+ Tutors","IIT-JEE (Main & Advanced) Tutors in Wanowrie, Pune","Find 1-on-1 JEE preparation tutors for home or online tuition in Wanowrie, Pune",jee tutors in wanowrie | jee home tuition wanowrie pune | jee coaching wanowrie,Wanowrie,IIT-JEE (Main & Advanced),Verified JEE programme combined with Wanowrie road coverage (6.8 km).,Targeted IIT-JEE (Main & Advanced) preparation plan for students in Wanowrie balancing school/board schedules with exam drills.,/pune/wanowrie/ | /jee/ | /find-tutor/,Competitive & Board Exam Reviewer
/pune/wanowrie/icse-tutors/,exam_locality,published,"ICSE Tutors in Wanowrie, Pune (1-on-1 Home & Online) | Skill+ Tutors","ICSE & ISC Board (Class 8–12) Tutors in Wanowrie, Pune","Find 1-on-1 ICSE preparation tutors for home or online tuition in Wanowrie, Pune",icse tutors in wanowrie | icse home tuition wanowrie pune | icse coaching wanowrie,Wanowrie,ICSE & ISC Board (Class 8–12),Verified ICSE programme combined with Wanowrie road coverage (6.8 km).,Targeted ICSE & ISC Board (Class 8–12) preparation plan for students in Wanowrie balancing school/board schedules with exam drills.,/pune/wanowrie/ | /boards/icse/ | /find-tutor/,Competitive & Board Exam Reviewer
/pune/nibm-road/neet-tutors/,exam_locality,published,"NEET Tutors in NIBM Road, Pune (1-on-1 Home & Online) | Skill+ Tutors","NEET UG Medical Entrance Tutors in NIBM Road, Pune","Find 1-on-1 NEET preparation tutors for home or online tuition in NIBM Road, Pune",neet tutors in nibm road | neet home tuition nibm road pune | neet coaching nibm road,NIBM Road,NEET UG Medical Entrance,Verified NEET programme combined with NIBM Road road coverage (7.3 km).,Targeted NEET UG Medical Entrance preparation plan for students in NIBM Road balancing school/board schedules with exam drills.,/pune/nibm-road/ | /neet/ | /find-tutor/,Competitive & Board Exam Reviewer
/pune/nibm-road/jee-tutors/,exam_locality,published,"JEE Tutors in NIBM Road, Pune (1-on-1 Home & Online) | Skill+ Tutors","IIT-JEE (Main & Advanced) Tutors in NIBM Road, Pune","Find 1-on-1 JEE preparation tutors for home or online tuition in NIBM Road, Pune",jee tutors in nibm road | jee home tuition nibm road pune | jee coaching nibm road,NIBM Road,IIT-JEE (Main & Advanced),Verified JEE programme combined with NIBM Road road coverage (7.3 km).,Targeted IIT-JEE (Main & Advanced) preparation plan for students in NIBM Road balancing school/board schedules with exam drills.,/pune/nibm-road/ | /jee/ | /find-tutor/,Competitive & Board Exam Reviewer
/pune/nibm-road/cbse-tutors/,exam_locality,published,"CBSE Tutors in NIBM Road, Pune (1-on-1 Home & Online) | Skill+ Tutors","CBSE Board (Class 8–12) Tutors in NIBM Road, Pune","Find 1-on-1 CBSE preparation tutors for home or online tuition in NIBM Road, Pune",cbse tutors in nibm road | cbse home tuition nibm road pune | cbse coaching nibm road,NIBM Road,CBSE Board (Class 8–12),Verified CBSE programme combined with NIBM Road road coverage (7.3 km).,Targeted CBSE Board (Class 8–12) preparation plan for students in NIBM Road balancing school/board schedules with exam drills.,/pune/nibm-road/ | /boards/cbse/ | /find-tutor/,Competitive & Board Exam Reviewer
/pune/phursungi/neet-tutors/,exam_locality,published,"NEET Tutors in Phursungi, Pune (1-on-1 Home & Online) | Skill+ Tutors","NEET UG Medical Entrance Tutors in Phursungi, Pune","Find 1-on-1 NEET preparation tutors for home or online tuition in Phursungi, Pune",neet tutors in phursungi | neet home tuition phursungi pune | neet coaching phursungi,Phursungi,NEET UG Medical Entrance,Verified NEET programme combined with Phursungi road coverage (2.9 km).,Targeted NEET UG Medical Entrance preparation plan for students in Phursungi balancing school/board schedules with exam drills.,/pune/phursungi/ | /neet/ | /find-tutor/,Competitive & Board Exam Reviewer
/pune/phursungi/ssc-tutors/,exam_locality,published,"10th Board / SSC Tutors in Phursungi, Pune (1-on-1 Home & Online) | Skill+ Tutors","Maharashtra SSC & Class 10 Board Tutors in Phursungi, Pune","Find 1-on-1 10th Board / SSC preparation tutors for home or online tuition in Phursungi, Pune",ssc tutors in phursungi | ssc home tuition phursungi pune | 10th board / ssc coaching phursungi,Phursungi,Maharashtra SSC & Class 10 Board,Verified 10th Board / SSC programme combined with Phursungi road coverage (2.9 km).,Targeted Maharashtra SSC & Class 10 Board preparation plan for students in Phursungi balancing school/board schedules with exam drills.,/pune/phursungi/ | /10th-board/ | /find-tutor/,Competitive & Board Exam Reviewer
/pune/bhekrai-nagar/ssc-tutors/,exam_locality,published,"10th Board / SSC Tutors in Bhekrai Nagar, Pune (1-on-1 Home & Online) | Skill+ Tutors","Maharashtra SSC & Class 10 Board Tutors in Bhekrai Nagar, Pune","Find 1-on-1 10th Board / SSC preparation tutors for home or online tuition in Bhekrai Nagar, Pune",ssc tutors in bhekrai nagar | ssc home tuition bhekrai nagar pune | 10th board / ssc coaching bhekrai nagar,Bhekrai Nagar,Maharashtra SSC & Class 10 Board,Verified 10th Board / SSC programme combined with Bhekrai Nagar road coverage (1.4 km).,Targeted Maharashtra SSC & Class 10 Board preparation plan for students in Bhekrai Nagar balancing school/board schedules with exam drills.,/pune/bhekrai-nagar/ | /10th-board/ | /find-tutor/,Competitive & Board Exam Reviewer
/pune/bhekrai-nagar/hsc-tutors/,exam_locality,published,"12th Board / HSC Tutors in Bhekrai Nagar, Pune (1-on-1 Home & Online) | Skill+ Tutors","Maharashtra HSC & Class 12 Science Board Tutors in Bhekrai Nagar, Pune","Find 1-on-1 12th Board / HSC preparation tutors for home or online tuition in Bhekrai Nagar, Pune",hsc tutors in bhekrai nagar | hsc home tuition bhekrai nagar pune | 12th board / hsc coaching bhekrai nagar,Bhekrai Nagar,Maharashtra HSC & Class 12 Science Board,Verified 12th Board / HSC programme combined with Bhekrai Nagar road coverage (1.4 km).,Targeted Maharashtra HSC & Class 12 Science Board preparation plan for students in Bhekrai Nagar balancing school/board schedules with exam drills.,/pune/bhekrai-nagar/ | /12th-board/ | /find-tutor/,Competitive & Board Exam Reviewer
/pune/keshav-nagar/cbse-tutors/,exam_locality,published,"CBSE Tutors in Keshav Nagar, Pune (1-on-1 Home & Online) | Skill+ Tutors","CBSE Board (Class 8–12) Tutors in Keshav Nagar, Pune","Find 1-on-1 CBSE preparation tutors for home or online tuition in Keshav Nagar, Pune",cbse tutors in keshav nagar | cbse home tuition keshav nagar pune | cbse coaching keshav nagar,Keshav Nagar,CBSE Board (Class 8–12),Verified CBSE programme combined with Keshav Nagar road coverage (7.8 km).,Targeted CBSE Board (Class 8–12) preparation plan for students in Keshav Nagar balancing school/board schedules with exam drills.,/pune/keshav-nagar/ | /boards/cbse/ | /find-tutor/,Competitive & Board Exam Reviewer
/pune/handewadi/neet-tutors/,exam_locality,published,"NEET Tutors in Handewadi, Pune (1-on-1 Home & Online) | Skill+ Tutors","NEET UG Medical Entrance Tutors in Handewadi, Pune","Find 1-on-1 NEET preparation tutors for home or online tuition in Handewadi, Pune",neet tutors in handewadi | neet home tuition handewadi pune | neet coaching handewadi,Handewadi,NEET UG Medical Entrance,Verified NEET programme combined with Handewadi road coverage (4.1 km).,Targeted NEET UG Medical Entrance preparation plan for students in Handewadi balancing school/board schedules with exam drills.,/pune/handewadi/ | /neet/ | /find-tutor/,Competitive & Board Exam Reviewer
/pune/kondhwa/neet-tutors/,exam_locality,published,"NEET Tutors in Kondhwa, Pune (1-on-1 Home & Online) | Skill+ Tutors","NEET UG Medical Entrance Tutors in Kondhwa, Pune","Find 1-on-1 NEET preparation tutors for home or online tuition in Kondhwa, Pune",neet tutors in kondhwa | neet home tuition kondhwa pune | neet coaching kondhwa,Kondhwa,NEET UG Medical Entrance,Verified NEET programme combined with Kondhwa road coverage (9.2 km).,Targeted NEET UG Medical Entrance preparation plan for students in Kondhwa balancing school/board schedules with exam drills.,/pune/kondhwa/ | /neet/ | /find-tutor/,Competitive & Board Exam Reviewer
/resources/how-to-choose-a-chemistry-tutor/,parent_guide,published,"How to Choose a Class 11–12, JEE or NEET Chemistry Tutor in Pune | Parent Guide","How to Evaluate and Choose a Chemistry Tutor for Class 11–12, JEE & NEET","Learn how to vet a Chemistry tutor during a trial session for Class 11–12 boards, NEET, or JEE",how to choose a chemistry tutor | evaluate chemistry home tutor pune | class 12 chemistry tuition guide,Pune / All Covered,All Verified Offerings,Original educator-authored advisory with explicit commercial disclosure.,"Practical criteria for testing a tutor’s ability to teach Organic reaction mechanisms, Physical Chemistry numericals, and NCERT Inorganic retention.",/resources/ | /find-tutor/ | /pune/ | /about-us/,Senior Curriculum Editor
/resources/home-vs-online-tuition-east-pune/,parent_guide,published,1-on-1 Home Tuition vs Live Online Tutoring in East Pune: A Practical Comparison,1-on-1 Home Tuition vs Live Online Tutoring: Which Fits Your Child in East Pune?,Decide between in-person home tuition and 1-on-1 online classes for Class 8–12 or JEE/NEET,home tuition vs online tuition pune | 1 on 1 home tutor vs online class | east pune tutoring guide,Pune / All Covered,All Verified Offerings,Original educator-authored advisory with explicit commercial disclosure.,"How notebook supervision, commute exhaustion, and locality road connectivity affect the choice between doorstep and online 1-on-1 tutoring.",/resources/ | /find-tutor/ | /pune/ | /about-us/,Senior Curriculum Editor
/resources/neet-biology-ncert-study-framework/,parent_guide,published,NEET UG Biology NCERT Line-by-Line Study Framework for Class 11 & 12,Mastering NCERT Biology for NEET UG: Line-by-Line Study & Revision Framework,Structure NCERT Biology preparation for NEET UG and Class 12 Boards,neet biology ncert study guide | how to read ncert for neet biology | neet biology preparation pune,Pune / All Covered,All Verified Offerings,Original educator-authored advisory with explicit commercial disclosure.,A structured 4-pass reading and testing protocol for Botany and Zoology based on current NTA NEET UG question patterns.,/resources/ | /find-tutor/ | /pune/ | /about-us/,Senior Curriculum Editor
/resources/jee-main-physics-problem-solving-guide/,parent_guide,published,Bridging Theory to Numericals in JEE Main & Class 11–12 Physics | Student Guide,How to Move from Understanding Physics Theory to Solving JEE & Board Numericals,Overcome the gap between reading Physics theory and solving unseen numerical problems,how to solve physics numericals jee neet | class 11 physics problem solving guide | physics tutor advice pune,Pune / All Covered,All Verified Offerings,Original educator-authored advisory with explicit commercial disclosure.,"Diagnosing mathematical tool gaps, drawing free-body diagrams, and maintaining a structured error log in Class 11–12 Physics.",/resources/ | /find-tutor/ | /pune/ | /about-us/,Senior Curriculum Editor
/resources/class-10-board-exam-preparation-checklist/,parent_guide,published,"Class 10 Board Exam Preparation Checklist (CBSE, ICSE & Maharashtra SSC)",Class 10 Board Exam Preparation Checklist: Maths & Science Month-by-Month Plan,"Plan Class 10 board syllabus completion, prelims, and answer-sheet presentation",class 10 board exam checklist | 10th ssc cbse icse preparation plan pune | class 10 maths science study plan,Pune / All Covered,All Verified Offerings,Original educator-authored advisory with explicit commercial disclosure.,"How to schedule syllabus completion by November, run timed prelim papers from December to January, and secure step-marks in Mathematics and Science.",/resources/ | /find-tutor/ | /pune/ | /about-us/,Senior Curriculum Editor
/resources/hsc-vs-cbse-class-11-12-science-transition/,parent_guide,published,Managing the Class 10 to Class 11 Science Transition in Pune (HSC & CBSE),How to Manage the Jump from Class 10 to Class 11 Science (PCM / PCB),Understand and manage the difficulty spike between Class 10 and Class 11 Science,class 10 to 11 science transition | hsc vs cbse class 11 science pune | class 11 pcm pcb guidance,Pune / All Covered,All Verified Offerings,Original educator-authored advisory with explicit commercial disclosure.,"Addressing the sudden expansion in syllabus depth across Class 11 Mechanics, Mole Concept, Calculus, and Cell Biology.",/resources/ | /find-tutor/ | /pune/ | /about-us/,Senior Curriculum Editor
/resources/avoiding-common-calculus-mistakes-class-12-boards/,parent_guide,reviewed,Common Calculus Mistakes in Class 12 CBSE & HSC Mathematics Boards,How to Avoid Common Integration & Differential Equation Mistakes in Class 12 Boards,Improve accuracy in Class 12 Board Calculus questions,class 12 calculus mistakes | hsc cbse integration tips,Pune / All Covered,All Verified Offerings,Original educator-authored advisory with explicit commercial disclosure.,Detailed breakdown of Indefinite/Definite Integration and Differential Equations step-marking.,/resources/ | /find-tutor/ | /pune/ | /about-us/,Senior Curriculum Editor
/resources/organic-chemistry-mechanism-roadmap-class-11-12/,parent_guide,reviewed,General Organic Chemistry (GOC) Roadmap for Class 11 & 12 Students,Building a Strong General Organic Chemistry (GOC) Foundation in Class 11,Master GOC prerequisites for Class 12 Organic Chemistry,general organic chemistry roadmap | class 11 goc guide,Pune / All Covered,All Verified Offerings,Original educator-authored advisory with explicit commercial disclosure.,Connecting Class 11 electronic displacements to Class 12 named reactions.,/resources/ | /find-tutor/ | /pune/ | /about-us/,Senior Curriculum Editor
/resources/icse-class-9-10-physics-chemistry-biology-strategy/,parent_guide,reviewed,"ICSE Class 9 & 10 Segregated Science Preparation Strategy (Physics, Chemistry, Biology)","Preparing for ICSE Class 10 Science Papers: Physics, Chemistry & Biology","Prepare effectively for ICSE Class 10 Physics, Chemistry, and Biology papers",icse class 10 science preparation pune | icse physics chemistry biology guide,Pune / All Covered,All Verified Offerings,Original educator-authored advisory with explicit commercial disclosure.,Handling numerical density in ICSE Physics and analytical questions in ICSE Chemistry.,/resources/ | /find-tutor/ | /pune/ | /about-us/,Senior Curriculum Editor
/resources/neet-repeater-daily-timetable-and-test-analysis/,parent_guide,draft,Structuring a Daily Study & Mock-Test Analysis Routine for NEET Repeaters,A Realistic Daily Study and Error-Log Routine for NEET UG Repeaters,Create a sustainable daily schedule for a NEET UG drop year,neet dropper timetable | neet repeater study plan pune,Pune / All Covered,All Verified Offerings,Original educator-authored advisory with explicit commercial disclosure.,Balancing self-study hours with targeted 1-on-1 faculty mentoring.,/resources/ | /find-tutor/ | /pune/ | /about-us/,Senior Curriculum Editor
/resources/mht-cet-vs-jee-main-preparation-for-hsc-students/,parent_guide,draft,"Balancing Maharashtra HSC Board, MHT-CET & JEE Main Preparation",How Maharashtra HSC Students Can Align Board Exams with MHT-CET and JEE Main,Coordinate HSC board preparation with engineering entrance exams,hsc mht cet jee main preparation pune,Pune / All Covered,All Verified Offerings,Original educator-authored advisory with explicit commercial disclosure.,Managing speed vs depth across State CET and national JEE papers.,/resources/ | /find-tutor/ | /pune/ | /about-us/,Senior Curriculum Editor
/resources/parent-checklist-home-tutor-safety-and-progress-tracking/,parent_guide,published,"Parent Checklist: Home Tutor Verification, Safety & Monthly Progress Tracking",How Parents Should Verify Home Tutors and Track Monthly Academic Progress,Ensure safe and accountable home tutoring at home,home tutor safety checklist pune | verify home tutor credentials,Pune / All Covered,All Verified Offerings,Original educator-authored advisory with explicit commercial disclosure.,"Identity verification, study space setup, and bi-weekly assessment review guidelines for families.",/resources/ | /find-tutor/ | /pune/ | /about-us/,Senior Curriculum Editor